Id,Title,Description,Date,Start_time,End_time,Location,Organization,Category,url,Submission_source,Approved (bool),Created_at
300000,Spring 2026 Asha Running Program,"Join us this Spring for a 12-week training program - train for a 5K, 10K, or even a half-marathon! Register here: https://form.jotform.com/250147402516145 Registration Fee: $15 for new members, $10 for old members &nbsp; Running:&nbsp; Curated weekly goals for 5K, 10K, and Half Marathon training Workouts led by experienced coaches A community to stay motivated and to compete with All proceeds go towards the education of underprivileged children in India through the projects we support. For details visit&nbsp; https://atlanta.ashanet.org/ our-projects",February 7 2026,5:00 PM,5:00 PM,Georgia Tech,Asha for Education,N/A,https://gatech.campuslabs.com/engage/event/12124195,N/A,TRUE,April 19 2026
300001,What Were You Wearing ,The What Were You Wearing exhibit is an installation answering the question frequently asked of survivors; What were you wearing when it happened? This exhibit features narratives and re-creations of outfits based on survivors' experiences. This display is part of Sexual Assault Awareness Month. Please join us to unlearn one of our culture's most prevalent sexual assault myths.&nbsp; &nbsp;,April 1 2026,12:00 PM,9:00 PM,John Lewis Student Center: Southern Company Multicultural Lounge Display Cases ,Wellness Empowerment Center,N/A,https://gatech.campuslabs.com/engage/event/11189538,N/A,TRUE,April 19 2026
300002,Info Session,"During an info session, students will gain the chance to interact, network, and learn from industry leaders. Students will be exposed to internship / job opportunities for the company in attendance. Open to all individuals.&nbsp;",April 7 2026,11:00 PM,12:00 AM,"CODA (9th floor, will buzz you up upon arrival)",Society of Women in Business,N/A,https://gatech.campuslabs.com/engage/event/11840471,N/A,TRUE,April 19 2026
300003,WECE General Body Meeting,"Join Women in ECE for our weekly Thursday meeting! Each week, we will discuss different topics related to professionalism, community, school, and more.&nbsp;",April 16 2026,3:00 PM,4:00 PM,Van Leer C340,Women in ECE,N/A,https://gatech.campuslabs.com/engage/event/12086593,N/A,TRUE,April 19 2026
300004,Relaxing with Hobby Club,"Come relax with Hobby Club! It's been a long semester and we're holding a chill event to destress and take some time away from the chaos. We'll have oven-bake clay, word searches, dot to dots (1000+ dots!), brewed teas, some light music, and more!&nbsp;",April 16 2026,11:15 PM,1:00 AM,Love 183,Hobby Club@GT,N/A,https://gatech.campuslabs.com/engage/event/12296387,N/A,TRUE,April 19 2026
300005,Spring Picnic 2026,"To celebrate spring and the end of the year, we are hosting a Spring Picnic with boba, tea, and snacks! Come out to relax and enjoy the weather with us before finals!",April 19 2026,6:30 PM,9:00 PM,Tech Green,China Care Club,N/A,https://gatech.campuslabs.com/engage/event/12349952,N/A,TRUE,April 19 2026
300006,End-Of-Year Networking Social Event,"The Black Student-Athlete Association will host a post-spring game community networking event open to all Georgia Tech students. Held following the annual spring football game, this program will provide an opportunity for students to connect with student-athletes through structured networking activities and interactive engagement. The event is designed to foster meaningful dialogue, build cross-campus relationships, and provide insight into the student-athlete experience at Georgia Tech. Attendees will participate in facilitated social activities and group interactions that encourage connection, collaboration, and community-building.",April 19 2026,7:00 PM,1:00 AM,Connector Apartments,Black Student-Athletes Association at Georgia Tech,N/A,https://gatech.campuslabs.com/engage/event/12384096,N/A,TRUE,April 19 2026
300007,End-of-Year Community Building Social,"The Black Student-Athlete Association will host a poolside, post-spring game gathering to celebrate Black student-athlete achievement and strengthen community amongst its members. This event will encourage continued involvement and connection as students transition into the summer.",April 19 2026,7:30 PM,11:00 PM,The Connector Apartments Rooftop,Black Student-Athletes Association at Georgia Tech,N/A,https://gatech.campuslabs.com/engage/event/12385654,N/A,TRUE,April 19 2026
300008,GT Orchestras Spring Concert Series 2,"Join GT Orchestras on April 9th and 19th as they put on their final performances of the semester! Georgia Tech's Symphony Orchestra will lead the way on April 9th featuring soloists Adrian Cheung playing Sibelius' Violin Concerto in D minor , and Aubrey Odle performing Wagner's Tristan and Isolde . On April 19th, the student showcase includes student ensembles from across campus and Georgia Tech's Concert Orchestra playing a variety of music, from Tchaikovsky to Gynt to Hisaishi, featuring student conductors from the orchestra. Each concert will feature a small reception after!",April 19 2026,8:00 PM,11:00 PM,Ferst Center for the Arts,Orchestra Club,N/A,https://gatech.campuslabs.com/engage/event/12309970,N/A,TRUE,April 19 2026
300009,Hanging Flower Lamp Workshop,"Learn how to make your own hanging flower lights in this workshop! Celebrate this Spring season with a flower light, which is a perfect gift for your family, friends, or yourself. Look out for a RSVP",April 19 2026,9:00 PM,11:00 PM,MRDC,Invention Studio,N/A,https://gatech.campuslabs.com/engage/event/12423544,N/A,TRUE,April 19 2026
300010,ASO Showcase,"Join us for our Arab Showcase!&nbsp;where we wrap up the year with a night full of culture, talent, and community! Experience an exciting lineup of performances, music, and creative expression that highlight the richness and diversity of Arab culture. Come support your peers, celebrate everyone&rsquo;s hard work, and enjoy an unforgettable evening filled with energy, pride, and entertainment. Whether you&rsquo;re performing or cheering from the crowd, this is the perfect way to close out the year and celebrate together. Don&rsquo;t miss this special night as we bring everyone together one last time to make lasting memories!",April 19 2026,10:00 PM,1:15 AM,Alumni House - Griffin Ballroom,Arab Student Organization,N/A,https://gatech.campuslabs.com/engage/event/12346004,N/A,TRUE,April 19 2026
300011,Dinner and Worship @ Grace House,"Join us every Sunday night for Dinner at 6:30 and Worship starting around 7pm.&nbsp; Everyone is welcome to join us so please feel free to stop by for some or all of the evening!&nbsp;&nbsp; &nbsp; Grace House is a progressive campus ministry within a Lutheran and Episcopal tradition that is deeply rooted in our faith in the Triune God. You do not need to identify as any denomination or faith to participate. We seek to subvert the narrative that Christians are bigoted by living out the social justice message of Christ in the Gospels in our daily lives. We are an LGBTQIA+ affirming ministry that believes that God loves people exactly as we are.&nbsp; We recognize the ways that racism harms people and work to dismantle white supremacy. We understand that science, medicine, and environmental justice are crucial to caring for all of God's creation. We strive to practice trauma informed spirituality. This means that we practice enthusiastic consent and we are a sex-positive ministry that prioritizes mental health and stands with survivors of abuse in all forms. In all of this, we also make sure to leave room for safe inquiry and encourage discussion. Even though we are believing Christians, we do not and cannot claim to have all the right answers. We celebrate other religious practices and value interfaith work. Ultimately, Grace House looks for the best in everyone and strives for justice and equity where we can. This is a safe space for all to feel like they belong.",April 19 2026,10:30 PM,12:15 AM,Grace House,Grace House,N/A,https://gatech.campuslabs.com/engage/event/11611751,N/A,TRUE,April 19 2026
300012,2026 Earth Month Bird Walk,"Join Georgia Tech Birdwatchers for a walk to enjoy the sounds of nature and study birds in their natural habitat. You&rsquo;ll pair up with an expert leader to observe birds on Georgia Tech&rsquo;s campus.&nbsp; Please arrive by 8:25 AM so that tours can begin promptly at 8:30 AM. Registration is required. &nbsp; When: April 20, 2026 8:00 AM&nbsp;&ndash; Registration + early bird breakfast (pastries &amp; juice) 8:30 AM&nbsp;&ndash; Depart from Kendeda for the bird walk 9:45 AM&nbsp;&ndash; Return to Kendeda / walk ends What to bring:&nbsp; Comfortable shoes you don&rsquo;t mind getting dirty and weather-appropriate clothing. Participants are encouraged to download the free mobile app Merlin Bird ID to help identify birds and to bring binoculars if you have a pair. Where: We will meet at The Kendeda Building, which will serve as the starting point. &nbsp; &nbsp; &nbsp;",April 20 2026,12:00 PM,1:45 PM,The Kendeda Building,Office of Sustainability,N/A,https://gatech.campuslabs.com/engage/event/12399725,N/A,TRUE,April 19 2026
300013,Hive Hangout!,"Need a break between classes? Looking for a chill spot to meet awesome people? The Hive Hangout is the place for commuter students to kick back, connect, and make campus feel like home. Join Commuter Student Engagement every Monday, starting January 26, for good vibes, friendly faces, and a space that&rsquo;s all about you. Stop by for conversation cards, board games, or crafts happening on select weeks! Whether you join the activities or just chill, The Hive is all about good vibes.",April 20 2026,3:00 PM,5:00 PM,Southern Company Multicultural Programs Lounge - John Lewis Student Center 3rd Floor,Student Center,N/A,https://gatech.campuslabs.com/engage/event/12011585,N/A,TRUE,April 19 2026
300014,The Pop-Up: BiMSE x Nike Industry Connection Kickoff,"BiMSE has partnered with Nike to present &ldquo;The Pop-Up: Industry Connection Initiative Kickoff.&rdquo; This initiative brings Nike&rsquo;s Atlanta Technology Center directly onto campus, moving beyond traditional career fairs to create genuine human connections between students and industry professionals.",April 20 2026,4:00 PM,8:00 PM,Tech Green,Black students in Material Science and Engineering,N/A,https://gatech.campuslabs.com/engage/event/12407585,N/A,TRUE,April 19 2026
300015,Coffee Club x BBUGS: Final Pour Over Workshop,"Coffee Club and BBUGS are hosting our final pour over workshop of the semester! Join us for free coffee and learn how to brew using a variety of methods, including Aeropress, Chemex, and V60. This will be a hands-on session where attendees can learn proper pour over techniques, explore different brewing styles, and enjoy freshly made coffee. No experience needed&mdash;everyone is welcome! &nbsp;",April 20 2026,6:00 PM,7:30 PM,Suddath Room,Coffee Club @ GT,N/A,https://gatech.campuslabs.com/engage/event/12429621,N/A,TRUE,April 19 2026
300016,Startup Ideas,"Share your startup ideas, receive instant feedback from experienced mentors, and connect with fellow Georgia Tech students who share your entrepreneurial spirit. &nbsp;",April 20 2026,9:00 PM,10:30 PM,Rafael Bras - John Lewis Student Center,CREATE-X,N/A,https://gatech.campuslabs.com/engage/event/12052115,N/A,TRUE,April 19 2026
300017,AI@GT's Summit ,"Join us for an evening of innovation, connection, and honest conversations about the future of AI. Enjoy free food while networking with students, professionals, and AI experts. Explore this semester's student-led initiatives at our Projects Showcase, and then hear an exclusive keynote from an AI Engineer from Adobe! In this keynote, we&rsquo;ll cut through the hype to ask tough questions:&nbsp;How big is the AI bubble&mdash;and how close is it to popping? What does the current big tech and startup landscape really look like, and who should we be watching? What are the real limitations of large language models&mdash;are they truly reasoning, or just mimicking intelligence?&nbsp;Expect an unfiltered take that will challenge assumptions, broaden perspectives, and spark conversations about the future of AI. You won't want to miss out; spots are limited so register NOW! &nbsp; &nbsp;",April 20 2026,10:00 PM,12:00 AM,ATDC,AI@GT,N/A,https://gatech.campuslabs.com/engage/event/12384636,N/A,TRUE,April 19 2026
300018,Project Showcase,Come see what our project teams have been working on this semester!,April 20 2026,10:30 PM,11:30 PM,Howey L4,Data Science at GT,N/A,https://gatech.campuslabs.com/engage/event/12411056,N/A,TRUE,April 19 2026
300019,GT Figure Skating Bowling Social,"Come bowl with GT Figure Skating at Tech Rec as we celebrate the end of an amazing semester! 🎳🎉 Join us for a fun, laid-back night off the ice to hang out before the semester wraps up! See you there!",April 20 2026,11:00 PM,1:00 AM,Tech Rec @ Student Center,Figure Skating Club ,N/A,https://gatech.campuslabs.com/engage/event/12407594,N/A,TRUE,April 19 2026
300020,Club Meeting and Observatory Night,"A special astronomy presentation will be given to members in Howey S107 or L3. Check Discord each week to see which room to meet in. After the presentation, members will be taken to the observatory to view what is up in the sky.",April 20 2026,11:30 PM,12:00 AM,Howey Physics,Astronomy Club,N/A,https://gatech.campuslabs.com/engage/event/12319022,N/A,TRUE,April 19 2026
300021,Campus Recreation Member Appreciation Day,"Campus Recreation is celebrating its members on April, 21! Join us for free iced coffee (9 a.m. &ndash; noon), FREE workout classes all day (grab a wristband at Member Services to participate), and FREE ziplining at the Leadership Challenge Course from 2&ndash;5 p.m. Plus, enter to win awesome door prizes by picking up a raffle ticket! Participation is open to all Georgia Tech Campus Recreation Members! Learn more at&nbsp; https://crc.gatech.edu/member-appreciation-week-2/ &nbsp;",April 21 2026,1:00 PM,1:00 AM,Campus Recreation Center,Campus Recreation Center,N/A,https://gatech.campuslabs.com/engage/event/12434204,N/A,TRUE,April 19 2026
300022,IASO Career Mixer ,"Join us for an engaging career and academic advising mixer designed to help you explore opportunities in international affairs. Our event will feature guest speakers Chris McDermott, Jacob Bratcher, and Robert Dale, who will share insights from their professional experiences and offer guidance on navigating career pathways. We hope to see you there!&nbsp;",April 21 2026,3:00 PM,4:30 PM,Student Center - Piedmont Room ,International Affairs Student Organization,N/A,https://gatech.campuslabs.com/engage/event/12411064,N/A,TRUE,April 19 2026
300023,Coffee and Conversations,Join the Society of Women in Physics each week as we host professors and graduate students from the School of Physics for an open discussion over coffee and donuts.,April 21 2026,3:00 PM,4:00 PM,Howey IZ (S-105),Society of Women in Physics,N/A,https://gatech.campuslabs.com/engage/event/11971018,N/A,TRUE,April 19 2026
300024,Creating a Summer Strategy for Your RSO,"Great leaders know that summer is a valuable time for growth. This workshop will help you create a strategic plan to strengthen your organization, develop leadership skills, and set the stage for success in the upcoming year.&nbsp; Looking for the event? Use this map! We hope to see you there! &ndash; Don&rsquo;t Forget: RSVP on Engage! Secure your spot and stay updated. Give Us Feedback! After each session, attendees will be asked to provide feedback. Bring Your Team! These sessions work best when multiple officers attend. Questions? Contact us at engage@gatech.edu! &nbsp; *This is a workshop for Registered Student Organizations at Georgia Tech presented by the Center for Student Engagement*",April 21 2026,3:15 PM,4:15 PM,"Student Center, Center for Student Engagement (3108, Conference Room, 3rd Floor)",Registered Student Organizations,N/A,https://gatech.campuslabs.com/engage/event/11928420,N/A,TRUE,April 19 2026
300025,Grand Challenges End of Year Poster Sessions!!,"Grand Challenges is hosting its End of Year Poster Session where students will present their final projects. Meet the innovative first-year students who are working to improve the human condition! 50 teams will present their work at the&nbsp; Grand Challenges End-of-Year Poster Session &nbsp;on topics including food, environment, shelter, water, and energy. Learn about the solutions they've proposed, and vote for your favorites by ""investing"" the GC Bucks you'll pick up at registration. Check out the schedule - there will be two presentation sessions, two meet-and-greets, and free food throughout the day. Let us know which session you'd like to attend (or stay for both). RSVP by April 14th to guarantee a free parking voucher.",April 21 2026,4:00 PM,8:00 PM,Marcus Nanotechnology Building ,Grand Challenges 2025-2026,N/A,https://gatech.campuslabs.com/engage/event/12417693,N/A,TRUE,April 19 2026
300026,John Lewis Student Leadership Pathways Orientation,"Attending the John Lewis Student Leadership Pathways Orientation is essential as students familiarize themselves with the Pathways. During the orientation, students will be introduced to the Aspen Index, provided with the opportunity to extend their knowledge of the Aspen Index and how the framework guides the Pathways, learn how to progress through the Pathways at their own pace, meet our team, and learn how to set a solid foundation for their Pathways experience. Please RSVP to attend an orientation session below. Orientations are offered twice a month throughout the school year. The times and dates are updated monthly, so please check regularly for available sessions. If you are unable to attend during the available sessions, please schedule a 1-1 appointment to complete your orientation. As you progress through the John Lewis Student Leadership Pathways, you will be inspired to embrace the spirit of servant leadership and commitment to positive change and leave an indelible mark on the world, just like the legacy of Congressman John Lewis.",April 21 2026,5:00 PM,6:00 PM,"John Lewis Student Center, 3rd Floor, CSE Conference Room 3108",John Lewis Student Leadership Pathways,N/A,https://gatech.campuslabs.com/engage/event/11941538,N/A,TRUE,April 19 2026
300027,Career Development Event,"This is a collaboration event with Resecurity, &nbsp;designed to support students in exploring career opportunities, building professional connections, and gaining industry insight.",April 21 2026,5:30 PM,8:30 PM,Clough Undergraduate Learning Commons,Saudi Student Association,N/A,https://gatech.campuslabs.com/engage/event/12369423,N/A,TRUE,April 19 2026
300028,"Pizza, Not Persuasion","Join us for a fun, interactive session where consent is on the menu! At&nbsp; Pizza Not Persuasion , we're serving up a fresh perspective on consent, using ordering pizza clarify the consent conversation. It should be as easy as ordering your favorite pizza with someone! Whether you're new to consent conversations or looking to brush up on your knowledge, this interactive event will give you the tools to understand, respect, and practice clear communication in all your relationships. Enjoy a free pizza lunch while learning how to set boundaries, communicate effectively, and make sure everyone is on the same page. Leave with the confidence to recognize and talk about consent in a way that&rsquo;s collaborative, empowering, and yes&mdash;totally appetizing. No pressure, just pizza!",April 21 2026,6:00 PM,8:00 PM,Rafael Bras Meeting Room- Student Center Third Floor ,Wellness Empowerment Center,N/A,https://gatech.campuslabs.com/engage/event/12343068,N/A,TRUE,April 19 2026
300029,Bowl Away the Stress,"Join us on April 21st from 5:30&ndash;7:30 PM for a fun evening of bowling, billiards, and board games at Tech Rec in the Student Center! 🎳🎱🎲 Whether you're looking to relax, meet new people, or just take a break from studying, this is the perfect chance to hang out with fellow transfer students in a laid-back environment. Bring a friend or come make some new ones while enjoying friendly competition and great conversation. We&rsquo;ll also have Ray&rsquo;s Pizza available, so grab a slice, play a game, and recharge before the final stretch of the semester. 🍕 Take a break before finals, unwind with friends, and join us for a night of fun!",April 21 2026,9:30 PM,11:30 PM,Tech Rec,Transfer Student Association,N/A,https://gatech.campuslabs.com/engage/event/12316753,N/A,TRUE,April 19 2026
300030,MGT Percentage Night @ CFA,MGT Percentage Night,April 21 2026,10:00 PM,12:00 AM,Student Center,Malayalees @ GT,N/A,https://gatech.campuslabs.com/engage/event/12432281,N/A,TRUE,April 19 2026
300031,Game Night ,"&nbsp; Join us for a fun, interactive game night where everything is up for a vote! We&rsquo;ll be creating brackets across different categories like music, food, pop culture, and more, then voting round by round to decide the ultimate winners. Come ready to debate, defend your favorites, and enjoy a night of friendly competition, games, and great energy!",April 21 2026,10:00 PM,11:00 PM,Van Leer C457,African American Student Union,N/A,https://gatech.campuslabs.com/engage/event/12377712,N/A,TRUE,April 19 2026
300032,Women in Pre-Med x URA Workshop,"Are you on the pre-health track? Research can become an integral part of your journal to medical school or another health track! Learn how to get involved in research on campus, discuss its role in pre-health applications, and pop by to learn about the research work that is going on on campus.",April 21 2026,10:00 PM,11:00 PM,MRDC 2405,Undergraduate Research Ambassadors,N/A,https://gatech.campuslabs.com/engage/event/12415151,N/A,TRUE,April 19 2026
300033,GTVC Final Event ,Join us as our research analysts show off all that they've learned this semester and compete in a pitch competition.&nbsp;,April 21 2026,10:15 PM,12:00 AM,Biltmore ,Venture Capital Club at Georgia Tech,N/A,https://gatech.campuslabs.com/engage/event/12302701,N/A,TRUE,April 19 2026
300034,Study Night,Join NSBWM for a place to study and some food.,April 21 2026,10:30 PM,12:00 AM,Howey S104,National Society of Black Women in Medicine at Georgia Tech,N/A,https://gatech.campuslabs.com/engage/event/12316771,N/A,TRUE,April 19 2026
300035,Media Team Meeting,"WREK's media team has roles for photographers, music journalists, newsletter writers/designers, videographers, and video editors! Join us to get involved with cool projects : )",April 21 2026,10:30 PM,11:00 PM,Conference Room 3108 in the Student Center,WREK Radio,N/A,https://gatech.campuslabs.com/engage/event/12204177,N/A,TRUE,April 19 2026
300036,Orchestral Arts & Crafts Night,"Orchestra Club's end-of-semester social will be on Tuesday, April 21st! We will be holding an arts and crafts night, creating musically inspired keychains, stickers, charms and bracelets. You do not need to be in orchestra to attend!! Food will be provided.",April 21 2026,10:30 PM,12:00 AM,MoSE Atrium 3,Orchestra Club,N/A,https://gatech.campuslabs.com/engage/event/12313981,N/A,TRUE,April 19 2026
300037,Meet-The-Rep: Akbar Ali,"Come meet Akbar Ali, the youngest&nbsp;Georgia House of Representatives member! Learn about his campaign and first legislative session!&nbsp;",April 21 2026,11:00 PM,12:00 AM,Skiles 154,College Democrats,N/A,https://gatech.campuslabs.com/engage/event/12313989,N/A,TRUE,April 19 2026
300038,Tuesday Night Dinner and Worship,"Join us for Tuesday Night Dinner and Worship. We will start at 7:00pm with fellowship and dinner provided by either our ministry or one of our partners. Then around 7:30-7:45pm, we will start our worship service with worship music, a message, prayer, and communion. After the service, please stay after for our Class based Core Groups and small group fun.",April 21 2026,11:00 PM,12:45 AM,Georgia Tech Wesley Foundation,The Wesley Foundation at Georgia Tech,N/A,https://gatech.campuslabs.com/engage/event/12165321,N/A,TRUE,April 19 2026
300039,Social Dance Lessons,"Learn how to social dance in many styles while meeting new people with SDSC. We are hosting FREE lessons all semester in Kendeda 230 Tuesdays at 7:00pm, followed by a 30-minute social to allow everyone to practice what they've just learned. Direct and exclusive access to the instructors for one-on-one tips and tricks will available during the social. After the social, an intermediate lesson will be hosted from 8:30pm - 9:30pm, for those up for the challenge. Join our incredible, inclusive community as we learn to dance together, experiment with musical genres, and make new friends. We like to consider social dancing one of the most efficient extracurricular activities; we get Exercise, Destressing, Music, Socialization, and have fun all-in-one! Come as you are! No partner is required, no specific dress requirements - just please wear clothes.&nbsp; This Semester will feature lessons for 6-Count Swing, Lindy Hop, Charleston, and West Coast Swing among others!",April 21 2026,11:00 PM,12:00 AM,Kendeda 230,Swing Dance Social Community,N/A,https://gatech.campuslabs.com/engage/event/12137580,N/A,TRUE,April 19 2026
300040,Design Collective Weekly Meeting,"The WREK design collective creates visuals such as posters, stickers, and merchandise for Georgia Tech's radio station, WREK radio! No experience necessary and skillshares almost every week : )",April 21 2026,11:00 PM,11:30 PM,The station (2nd floor student center),WREK Radio,N/A,https://gatech.campuslabs.com/engage/event/12204192,N/A,TRUE,April 19 2026
300041,GIFTED Bible Study,"A place for students to get reflection, repentence, renewal, and fellowship with one another and Jesus Christ through the word of God.",April 21 2026,11:30 PM,1:30 AM,John Lewis Student Center,God's Influence Flowing Through Every Disciple,N/A,https://gatech.campuslabs.com/engage/event/11919987,N/A,TRUE,April 19 2026
300042,GT Fitness Challenge,"Take on Campus Recreation&rsquo;s annual fitness challenge! This indoor challenge includes rowing, running, pushups, and squats, designed to test your strength, endurance, and grit as you race the clock. Participants may join a competitive or non‑competitive division. Medals will be awarded to the top three finishers in each competitive category. This is a free event featuring four total challenges; complete all four within 30 minutes to earn a branded cooling towel!&nbsp; &nbsp;",April 22 2026,11:00 AM,2:00 PM,Campus Recreation Center,Campus Recreation Center,N/A,https://gatech.campuslabs.com/engage/event/12421430,N/A,TRUE,April 19 2026
300043,Earth Day Celebration & Organization Fest,"Join the Office of Sustainability and campus partners on the porch of the Kendeda Building as we celebrate Earth Day with educational tables, hands‑on activities! Enjoy light refreshments, seed potting, and art and craft activities. Bring a T‑shirt, hat, canvas bag, or other item you&rsquo;d like to decorate. RSVP is not necessary. Please sign in or report attendance at registration table. &nbsp; Interested in tabling? Internal GT organizations or non-profits can sign up here:&nbsp; Earth Month Table Fair: 2026 Earth Day Org Fair and Celebration Interested in Volunteering? Help with set up, activities, and breakdown at the fair:&nbsp; https://www.signupgenius.com/go/10C0E4CAEAD29A0FFC70-63367204-2026 &nbsp; &nbsp; Questions? Contact Kamilah Roberts at:&nbsp; kamilah.roberts@sustain.gatech.edu &nbsp; Location: &nbsp; Kendeda Building, 422 Ferst Dr, porch (or if raining, inside lobby) Sign-in at registration table is required.",April 22 2026,3:00 PM,5:00 PM,Kendeda Building,Office of Sustainability,N/A,https://gatech.campuslabs.com/engage/event/12429878,N/A,TRUE,April 19 2026
300044,Healthy Hives- Mini Chair Massage,"Take a break before finals week with a free 10-min chair massage from one of our Licensed Massage Therapists!&nbsp; Registration for the program opens 5 days before and can be found here . You may walk in for a massage, but note there may be a wait!&nbsp; &nbsp;",April 22 2026,3:00 PM,5:00 PM,GT Upper Connector,Campus Recreation Center,N/A,https://gatech.campuslabs.com/engage/event/12359600,N/A,TRUE,April 19 2026
300045,Earth Day in the Community Garden,Celebrate Earth Day with hands-on herb planting in the Community Garden.We'll share tips on planting for a beautiful aesthetic and making the most of space in small garden areas. RSVP at&nbsp; https://gatech.co1.qualtrics.com/jfe/form/SV_0jpkfuoGUYb0gFU &nbsp;,April 22 2026,4:00 PM,5:00 PM,Community Garden,Student Engagement & Well-Being,N/A,https://gatech.campuslabs.com/engage/event/12434325,N/A,TRUE,April 19 2026
300046,Howell Mill Trash Cleanup,Join GT Birdwatchers for a roadside trash cleanup session near campus and an important local birding hotspot! Safety equipment will be provided. Exact time details are TBD and subject to change.,April 22 2026,8:00 PM,9:00 PM,Waterworks Atlanta,Birdwatchers,N/A,https://gatech.campuslabs.com/engage/event/12181615,N/A,TRUE,April 19 2026
300047,Bioengineering Paper and Clay,Join BGA for a night of creative arts and crafts! Network and socialize with your peers!,April 22 2026,9:00 PM,11:00 PM,GT Paper and Clay,Bioengineering Graduate Association,N/A,https://gatech.campuslabs.com/engage/event/12343711,N/A,TRUE,April 19 2026
300048,Girls Paper & Clay,Join the Muslim Students Association for a girls only evening at Paper &amp; Clay!&nbsp;,April 22 2026,9:00 PM,10:30 PM,Paper & Clay,Muslim Students Association,N/A,https://gatech.campuslabs.com/engage/event/12384092,N/A,TRUE,April 19 2026
300049,Psychology Association Tea Time!!,The Psychology Association will be hosting its semesterly Tea Time! Join us for a chance to talk about the semester and relax before finals.,April 22 2026,9:30 PM,10:30 PM,J.S. Coon 161,Psychology Association,N/A,https://gatech.campuslabs.com/engage/event/12414874,N/A,TRUE,April 19 2026
300050,"ECGT Pre-Finals Send-Off:  Bowling, Billiards & Bites","ECGT Pre-Finals Send-Off: Bowling, Billiards &amp; Bites 🎳🎱🍕 Finals season is almost here, and before you lock yourself in Clough for the next two weeks, we're sending you off in style. Join the Energy Club at Georgia Tech for a night of bowling, billiards, and good food with your fellow energy nerds. Whether you're a seasoned lane shark or you throw straight gutter balls every time, this one's about blowing off steam and having a great time with the ECGT community before the grind kicks in. What to expect: Lanes, tables, and plenty of friendly competition Food and bites on us Good vibes, better people Come hang, decompress, and maybe hustle a few of your officers in a game of pool. No stress, no problem sets, just good company and a well-deserved break before the final push. See you there! 🎳",April 22 2026,9:30 PM,11:30 PM,Tech Rec,Energy Club,N/A,https://gatech.campuslabs.com/engage/event/12334737,N/A,TRUE,April 19 2026
300051,Karaoke Night,"Join DramaTech for another karaoke night on April 22nd from 6-10pm! There will be fun vibes, tunes, and lots of great company! We hope to see you there.",April 22 2026,10:00 PM,2:00 AM,DramaTech Theatre - Blackbox,DramaTech Theatre,N/A,https://gatech.campuslabs.com/engage/event/12338218,N/A,TRUE,April 19 2026
300052,Garden Party Picnic,"Join us for a Spring Picnic, a relaxed and engaging outdoor experience designed to bring the community together through connection, creativity, and fun. Attendees will enjoy a vibrant atmosphere featuring light refreshments, interactive activities, and opportunities to unwind and socialize in a welcoming environment. Whether you come to meet new people, enjoy the outdoors, or simply take a break from your day, this event offers a refreshing space to celebrate the spring season.",April 22 2026,10:00 PM,11:30 PM,Kendeda Outdoor Patio,Society of Women Engineers,N/A,https://gatech.campuslabs.com/engage/event/12407588,N/A,TRUE,April 19 2026
300053,Jeopardy Night with Seek Discomfort,Join us for a high-energy Jeopardy-style trivia night hosted by the Seek Discomfort community!,April 22 2026,10:00 PM,11:00 PM,Boggs B5,Seek Discomfort Club,N/A,https://gatech.campuslabs.com/engage/event/12353061,N/A,TRUE,April 19 2026
300054,"Stand-Up Club at Georgia Tech - ""YOUR"" Open Mic!",Come watch our budding student comedians perform their best material from the semester! Free pizza and drinks will be provided while supplies last!,April 22 2026,10:00 PM,11:00 PM,Klaus 2443,Stand-Up Club at Georgia Tech,N/A,https://gatech.campuslabs.com/engage/event/12306792,N/A,TRUE,April 19 2026
300055,Birdwatching General Meeting,"Come on by to Birdwatchers' weekly general meeting for the pizza or snacks, stay for the birding and community! At these meetings, we typically present on a birding/conservation related topic (citizen science tools, species identification, GT's ongoing ornithological research) or host a fun bird-related activity (Wingspan or decorating cookies). There's also always ample time to be social with your fellow birders! No prior birding experience required. Join our&nbsp; Discord &nbsp;to hear about what our meeting's specific topic will be and and get to know some like-minded people :)",April 22 2026,10:30 PM,12:00 AM,Skiles 249,Birdwatchers,N/A,https://gatech.campuslabs.com/engage/event/12042492,N/A,TRUE,April 19 2026
300056,WCF dinner and worship!,Every Wednesday we offer a fun environment to meet students on campus and enjoy a delicious meal. We follow this up with our weekly worship service filled with a talk and live worship! Everyone is welcome and we would love to see you there! &nbsp; &nbsp; If you're looking for community over the summer come join us! Everyone is welcome.,April 22 2026,10:30 PM,12:30 AM,WCF,Westminster Christian Fellowship,N/A,https://gatech.campuslabs.com/engage/event/12021821,N/A,TRUE,April 19 2026
300057,AeroAfroAstro - Study Luncheon,"Join us for the AeroAfroAstro Study Luncheon &mdash; a relaxed and welcoming space to connect, collaborate, and stay on top of your academic goals. Whether you&rsquo;re tackling problem sets, reviewing notes, or preparing for upcoming exams, this is a great opportunity to study alongside peers. Enjoy good food, productive energy, and meaningful conversations with fellow students. Let&rsquo;s learn, grow, and succeed together! All majors and years are welcome!",April 22 2026,10:30 PM,12:00 AM,Jesse W. Mason Building - Classroom 3132 ,AeroAfroAstro,N/A,https://gatech.campuslabs.com/engage/event/12343701,N/A,TRUE,April 19 2026
300058,Kai Schwemmer Speaking Event,"Kai Schwemmer, political director of College Republicans of America, will be speaking on issues of foreign policy, immigration, and more.",April 22 2026,10:30 PM,12:00 AM,"Scheller Building, Room 200",College Republicans ,N/A,https://gatech.campuslabs.com/engage/event/12424200,N/A,TRUE,April 19 2026
300059,All student worship service,"Come join up as we strive to love one another whilst following the Bible! This event is open to everyone, we love meeting new people and food will be served!! (usually CFA or PJs)!!!!",April 22 2026,11:00 PM,12:00 AM,C456 Classroom Van Leer,Alpha Omega Campus Ministry,N/A,https://gatech.campuslabs.com/engage/event/11971156,N/A,TRUE,April 19 2026
300060,Co-op & Internship 101,"Overview of Co-ops &amp; Internships: relevance, job search, and registration process",April 22 2026,11:00 PM,12:00 AM,Online,Briaerean Honor Society,N/A,https://gatech.campuslabs.com/engage/event/12343637,N/A,TRUE,April 19 2026
300061,EWB-ATL: Deerwood Elementary STEM Workshop ,"Are you looking for a chance to give back to your community? Do you want to gain experience working with kids? Engineers Without Borders Atlanta is hosting a STEM workshop at Deerwood Elementary School on Thursday 4/23. We will be building spaghetti towers with their fifth-grade students and teaching them about civil engineering. There are two available shifts, 8:30-10:40 and 10:30-1:00; sign up using the sheet below. Contact&nbsp;sninan7@gatech.edu with any questions. We hope to see you there! All volunteers must&nbsp;complete a mandatory&nbsp;volunteer training on 4/21 from 7:45-8:00 PM in MOSE 1201 . You will also be required to submit a background check to Atlanta Public Schools. If you cannot make it to the training, email sninan7@gatech.edu ASAP to arrange an alternative time.&nbsp; Sign Up Sheet Cars depart campus 30 minutes before each block. If you are interested in carpooling, please reach out to&nbsp;sninan7@gatech.edu",April 23 2026,12:00 PM,5:00 PM,Deerwood Academy ,Engineers Without Borders,N/A,https://gatech.campuslabs.com/engage/event/12226494,N/A,TRUE,April 19 2026
300062,WECE General Body Meeting,"Join Women in ECE for our weekly Thursday meeting! Each week, we will discuss different topics related to professionalism, community, school, and more.&nbsp;",April 23 2026,3:00 PM,4:00 PM,Van Leer C340,Women in ECE,N/A,https://gatech.campuslabs.com/engage/event/12086594,N/A,TRUE,April 19 2026
300063,Healthy Hives- Mini Chair Massage,"Take a break before finals week with a free 10-min chair massage from one of our Licensed Massage Therapists.&nbsp; Registration for the event opens five days before and can be found here , please note you can walk in but there may be a wait!&nbsp;",April 23 2026,3:00 PM,5:00 PM,Crecine Hall Studio ,Campus Recreation Center,N/A,https://gatech.campuslabs.com/engage/event/12359627,N/A,TRUE,April 19 2026
300064,Tamil New Year,"Celebrate Tamil New Year with us as we welcome the new year with culture, community, and celebration. This event is a chance to come together, enjoy traditional festivities, share delicious food, and take part in fun activities that honor the spirit of Puthandu. Join us for an evening filled with joy, connection, and festive energy as we celebrate new beginnings and Tamil traditions.",April 23 2026,4:00 PM,5:00 PM,Exhibition Hall - Home Park ,Tamil Sangam at Georgia Tech,N/A,https://gatech.campuslabs.com/engage/event/12384100,N/A,TRUE,April 19 2026
300065,Free Coffee @ Grace House,It's a Thursday tradition like no other!&nbsp; Stop by for free coffee Thursdays from 1-6pm,April 23 2026,5:00 PM,6:00 PM,Grace House,Grace House,N/A,https://gatech.campuslabs.com/engage/event/11928165,N/A,TRUE,April 19 2026
300066,Creating a Summer Strategy for Your RSO,"Great leaders know that summer is a valuable time for growth. This workshop will help you create a strategic plan to strengthen your organization, develop leadership skills, and set the stage for success in the upcoming year.&nbsp; Looking for the event? Use this map! We hope to see you there! &ndash; Don&rsquo;t Forget: RSVP on Engage! Secure your spot and stay updated. Give Us Feedback! After each session, attendees will be asked to provide feedback. Bring Your Team! These sessions work best when multiple officers attend. Questions? Contact us at engage@gatech.edu! &nbsp; *This is a workshop for Registered Student Organizations at Georgia Tech presented by the Center for Student Engagement*",April 23 2026,5:15 PM,6:15 PM,"Student Center, Center for Student Engagement (3108, Conference Room, 3rd Floor)",Registered Student Organizations,N/A,https://gatech.campuslabs.com/engage/event/11928421,N/A,TRUE,April 19 2026
300067,Financial Wellness Signature Event (Virtual),"Join Holly Shikano as she shares practical money tips from her personal journey&mdash;from working three jobs in college to retiring a full decade early. Learn the strategies that helped her build financial freedom and how you can begin applying them now. Date: April 16, 2026 Time: 3:00&ndash;4:00 PM Format: Virtual This event counts as a Signature Credit for the Financial Wellness dimension.",April 23 2026,7:00 PM,8:00 PM,Online,Residence Life / Housing,N/A,https://gatech.campuslabs.com/engage/event/12388462,N/A,TRUE,April 19 2026
300068,RHA Ramblin' Rodeo,"Giddy up GT! RHA invites you to our Ramblin' Rodeo on Thursday, April 23 from 4 to 7 PM! Come visit exciting activity booths led by Hall Councils, play with friendly farm animals in the petting zoo, challenge your friends in laser tag while exploring our corn maze arena, enjoy yummy Western-themed foods, and much more. Joining in the fun will be the Student Government Association and National Residence Honorary during this welcoming EOY celebration!",April 23 2026,8:00 PM,11:00 PM,Tech Green,Residence Hall Association,N/A,https://gatech.campuslabs.com/engage/event/12387040,N/A,TRUE,April 19 2026
300069,Permaculture Meeting,Join us for the Permaculture Interest Group's weekly meeting! Permaculture is a sustainable design framework centered around the observation and mimicking of nature. Come to learn about it and meet fellow permaculture-minded folks! The location this week is in Kendeda 118. This event is a collaboration between the GT Permaculture Interest Group led by Brent Verrill and the student-run Permaculture project under SOS.,April 23 2026,9:00 PM,10:00 PM,Kendeda Building for Innovative Sustainable Design,Students Organizing for Sustainability,N/A,https://gatech.campuslabs.com/engage/event/12212373,N/A,TRUE,April 19 2026
300070,Guest Lecture: Fellowship Program for the RCE and Pollinator Gardens Primary tabs,"Are you interested in finding a fellowship with a non-profit organization? Ever wondered how to translate the United Nations Sustainable Development Goals (SDGs) into real-world projects? Come to the Georgia Tech Permaculture Interest Group Meeting to learn about the RCE (UN Regional Centre of Expertise for Education) SDG Fellowship Program! Irene Jacob will deliver a guest lecture about her 2025-26 fellowship project on Pollinator Gardens, in partnership with the non-profit My Green Earth. The talk will be followed by a Permaculture Interest Group informational meeting. Instructional information and seeds may be available.",April 23 2026,9:00 PM,10:00 PM,"Kendeda Building, Room 118",Brook Byers Institute for Sustainable Systems,N/A,https://gatech.campuslabs.com/engage/event/12436275,N/A,TRUE,April 19 2026
300071,BMET Workshop,Come study and talk with fellow BME transfer students! Cookies and lemonade will be provided.,April 23 2026,9:00 PM,10:00 PM,Whitaker 3115,Biomedical Engineering Transfer Students,N/A,https://gatech.campuslabs.com/engage/event/12434513,N/A,TRUE,April 19 2026
300072,GT Leadership Education and Development | Focus Group,GT Leadership Education and development invites you to share insights to help up capture the full picture of your leadership challenges and development needs! April 23 rd 5:30pm-6:30pm |&nbsp; Brittain Rec Classroom All are welcome &amp; dinner is on us! Please RSVP by 20th @3pm,April 23 2026,9:30 PM,10:30 PM,Brittiain Rec Classroom,Leadership Education and Development,N/A,https://gatech.campuslabs.com/engage/event/12389243,N/A,TRUE,April 19 2026
300073,Bouquet Making Night,Attendees will have a chance to make bouquets&nbsp;,April 23 2026,9:30 PM,11:00 PM,UA Whitaker Building,Black Women Support Group,N/A,https://gatech.campuslabs.com/engage/event/12377701,N/A,TRUE,April 19 2026
300074,Billiard Club Weekly Meeting,"Come join the Billiards Club at Georgia Tech for our weekly meetings at the Student Center pool tables! Whether you&rsquo;re picking up a cue stick for the first time or already an experienced player, this is a fun and relaxed way to practice, play friendly matches, and meet other Yellow Jackets who enjoy billiards. Each week includes casual games, mini-tournaments, and plenty of chances to connect with fellow students while unwinding on campus. 🎱 Join the Slack! https://join.slack.com/t/billiardcluba-ike8251/shared_invite/zt-3c5n3bo9v-Dnxw6R8rckd6USyYbeXCqw",April 23 2026,10:00 PM,11:00 PM,Georgia Tech Student Center: Tech Rec Pool Tables,Billiard Club at GT,N/A,https://gatech.campuslabs.com/engage/event/12021784,N/A,TRUE,April 19 2026
300075,Bridge Club Meeting,"If you like card games, come by to learn a new one, bridge! Bring a friend to be your partner or be prepared to make new friends!&nbsp;We play bridge in a friendly and relaxed atmosphere and everyone is welcome to join, and we will teach you if you don't know how!",April 23 2026,10:00 PM,1:00 AM,Student Center Rafael Bras Room,Bridge Club,N/A,https://gatech.campuslabs.com/engage/event/11518437,N/A,TRUE,April 19 2026
300076,VSA Karaoke Social,"Join us for a karaoke night inspired by Paris by Night , celebrating Vietnamese music, performance, and community. Enjoy an evening of singing and interactive games, including blind karaoke, guess the singer, and song association. Whether you&rsquo;re performing or cheering from the audience, come take part in a fun and engaging night filled with music and entertainment.",April 23 2026,10:30 PM,11:30 PM,Kendeda 152,Vietnamese Student Association,N/A,https://gatech.campuslabs.com/engage/event/12287601,N/A,TRUE,April 19 2026
300077,Product @GT Demo Day ,event where Product@GT members display the culmination of their work from the semester,April 23 2026,10:30 PM,11:30 PM,Scheller,Product@GT,N/A,https://gatech.campuslabs.com/engage/event/12404020,N/A,TRUE,April 19 2026
300078,Motorcycle Club Fourth General Meeting,"General meeting of the motorcycle club where elections will be held, as well as planning for the future of the club.",April 23 2026,10:30 PM,11:30 PM,IC 115,Motorcycle Club at Georgia Tech,N/A,https://gatech.campuslabs.com/engage/event/12287582,N/A,TRUE,April 19 2026
300079,Belonging Bingo ,"At Belonging Bingo, not only do you have the opportunity to take the load off while studying for finals, but you will be able to engage in some friendly bingo games with a catch: the winner of each round wins #Groceries! Did we mention, we will be providing FREE FOOD during this event as well! Additionally, in between rounds, our amazing Belonging and Student Support team will be asking our awesome attendees questions centered around how you all have found belonging and community at Georgia Tech, where you will engage in constructive dialogue with a small group of individuals around you.&nbsp; This program will also feature the likes of New Student and Transition Programs, and the STAR program.&nbsp; RSVPs will go fast, so sign up quickly. See you there! *THIS EVENT WILL BE HELD AT THE CULC AUDITORIUM ROOM 144*",April 23 2026,10:30 PM,12:30 AM,Clough Undergraduate Learning Commons (CULC) - Auditorium 144,New Student and Transition Programs,N/A,https://gatech.campuslabs.com/engage/event/12391454,N/A,TRUE,April 19 2026
300080,AfroDance Spring Closing GBM,"Join us as we close out the Fall Semester with AfroDance! We&rsquo;re celebrating with food, games, and a fun look back at everything we accomplished this semester. Come hang out, enjoy good vibes, and help us wrap up an amazing time together!",April 23 2026,11:00 PM,1:00 AM,Instructional Center Room 205,AfroDance Team,N/A,https://gatech.campuslabs.com/engage/event/12377706,N/A,TRUE,April 19 2026
300081,Georgia Tech Concert & Symphonic Band Spring Concert,"Come listen to the Georgia Tech Symphonic and Concert Bands perform at Ferst Center at 7:30 pm on Thursday, April 23rd.",April 23 2026,11:30 PM,1:00 AM,Ferst Center,Tau Beta Sigma,N/A,https://gatech.campuslabs.com/engage/event/12296334,N/A,TRUE,April 19 2026
300082,GT Figure Skating Spring Showcase + Open Skate ,"Come support GT Figure Skating members by attending our spring semester showcase! Enjoy watching our skaters show off their skills, and then join them afterwards for a free skate open to all experience levels! Food and drinks will be provided, and transportation will be based off carpools, first-come first-serve.&nbsp;",April 24 2026,2:00 PM,4:30 PM,Atlanta Ice House,Figure Skating Club ,N/A,https://gatech.campuslabs.com/engage/event/12353062,N/A,TRUE,April 19 2026
300083,Lead Forward Fridays,"Looking for ways to grow your leadership skills, get involved on campus, or take the next step in your personal and professional journey? Stop by our Leadership Pathways Pop-Up and see what it&rsquo;s all about! At this biweekly tabling event, students can learn more about the John Lewis Student Leadership Pathways, explore leadership opportunities that fit their interests, and join the Pathways on the spot. You&rsquo;ll also have the chance to schedule a 1-on-1 leadership coaching meeting, register for upcoming leadership events, and connect with staff who are here to support your growth. Plus&mdash;don&rsquo;t miss out on free Pathways merch and giveaways while supplies last! Location: John Lewis Student Center, 2nd Floor &ndash; Student Organization Hub When: Every other Friday Whether you&rsquo;re just getting started or already involved, this is a low-pressure, high-impact way to explore leadership, ask questions, and get connected. Pull up, grab some swag, and take the next step in your leadership journey!",April 24 2026,4:00 PM,5:00 PM,"John Lewis Student Center, 2nd Floor, Student Organization Hub",John Lewis Student Leadership Pathways,N/A,https://gatech.campuslabs.com/engage/event/12137312,N/A,TRUE,April 19 2026
300084,BiPS Journal Club,Are you fascinated by light and how we see the world? Biomedical Photonics Society (BiPS) invites everyone to our weekly Journal Club! We take turns presenting fascinating research papers on optics and imaging. Join us and check out what cool photonics people are doing! &nbsp; You can find the list of papers we&rsquo;ve discussed at the link below: https://sites.gatech.edu/bips/journal-club/,April 24 2026,5:00 PM,6:00 PM,Room 4101 in Whitaker,Biomedical Photonics Society,N/A,https://gatech.campuslabs.com/engage/event/12065033,N/A,TRUE,April 19 2026
300085,Voting Registration & Awareness,"Participating in civic life &mdash; including voting &mdash; is one of the most direct ways we can advocate for justice and uplift the most vulnerable among us. Join the MSA this Jumu'ah for a voter registration drive and civic awareness table. Whether you need to register for the first time, check your registration status, or simply learn more about the issues impacting Muslim communities, we've got you covered.",April 24 2026,5:30 PM,8:30 PM,"Student Center, Peachtree",Muslim Students Association,N/A,https://gatech.campuslabs.com/engage/event/12399027,N/A,TRUE,April 19 2026
300086,Writing Scientific Proposals Workshop,"We're going to be covering basic recommendations for writing scientific proposals, especially with NASA proposals in mind. We will cover the basics and go into NASA-specific terminology, like technology readiness levels (TRLs) and Science Traceability Matrices (STMs) with examples from recent missions. Come for some snacks and advice on proposal writing!",April 24 2026,6:00 PM,7:00 PM,Ford ES&T L1114,ExplOrigins,N/A,https://gatech.campuslabs.com/engage/event/12404035,N/A,TRUE,April 19 2026
300087,Jummah (Friday) Prayer on Campus,"Jummah is a weekly Friday gathering that provides students with a structured opportunity for communal prayer and reflection. The program includes a short sermon followed by congregational prayer, offering students a consistent space for mindfulness, ethical reflection, and spiritual grounding during the academic week.",April 24 2026,6:00 PM,7:00 PM,Student Center Community Hubs - Beth Cabrera Reflection Space,Muslim Students Association,N/A,https://gatech.campuslabs.com/engage/event/12334753,N/A,TRUE,April 19 2026
300088,Jummah (Friday) Prayer on Campus,"Jummah is a weekly Friday gathering that provides students with a structured opportunity for communal prayer and reflection. The program includes a short sermon followed by congregational prayer, offering students a consistent space for mindfulness, ethical reflection, and spiritual grounding during the academic week.",April 24 2026,7:00 PM,8:00 PM,Student Center Community Hubs - Beth Cabrera Reflection Space,Muslim Students Association,N/A,https://gatech.campuslabs.com/engage/event/12334754,N/A,TRUE,April 19 2026
300089,Bioconnect @ GT Final Project Presentations,Spring 2026 Final Presentations for Pro-Bono Projects,April 24 2026,7:00 PM,9:00 PM,CHOA Seminar Room EBB Krone Building,Bioconnect @ Georgia Tech,N/A,https://gatech.campuslabs.com/engage/event/12391815,N/A,TRUE,April 19 2026
300090,Bridge Club Meeting,"If you like card games, come by to learn a new one, bridge! Bring a friend to be your partner or be prepared to make new friends!&nbsp;We play bridge in a friendly and relaxed atmosphere and everyone is welcome to join, and we will teach you if you don't know how!",April 24 2026,7:00 PM,10:00 PM,TBD,Bridge Club,N/A,https://gatech.campuslabs.com/engage/event/11518438,N/A,TRUE,April 19 2026
300091,Southeast Analog's First Annual Networking Gala,"This gala has been a project in the making since November of 2025. With our gala, we seek to invite community members and industry stakeholders to join us for a night of celebration, networking, and philanthropy. Throughout the evening, attendees will have the opportunity to support our mission through our merchandise packages, sponsorship tiers, and silent auction. In our silent auction, we will be auctioning the official name of our habitat among other exclusive opportunities. Additionally, the official mission name and patch design will be publicly revealed before an exclusive Q&amp;A with our 2026 Pilot Mission Analog Astronaut Crew. To put the cherry on top, we will host some amazing keynote speakers! The entire event will run from 5-9 PM the evening of Friday, April 24th, 2026 at the Georgia Tech Research Institute Conference Center near Georgia Tech's campus in Atlanta, GA (address listed below). For the evening, we ask that you wear cocktail attire (the happy medium between semi-formal and black-tie attire). We look forward to seeing you there! TL;DR - Most Important Information: Who? - Anyone interested in supporting Southeast Analog's first-ever simulated space mission What? - Southeast Analog's First Annual Networking Gala When? - Friday, April 24th, 2026 | 5-9 PM Where? - GTRI Conference Center, 250 14th St NW, Atlanta, GA 30318 Why? - To celebrate, socialize, and fundraise for Southeast Analog's pilot mission &amp; crew Attire? - Cocktail attire (between semi-formal and black-tie attire) Ticket Information: External Pricing - $40 GT Faculty, Staff, &amp; Alumni Pricing - $30 Student Pricing - $20 What does my ticket include? All tickets include admission to the gala, dinner, beverages, networking opportunities, one free raffle ticket, engagement with prominent individuals, access to the research gallery, and photo opportunities with a very special Yellow Jacket. RSVP &nbsp;at the hyperlinked form to receive a link to purchase your ticket! Please note that your RSVP does not guarantee entrance to the event unless you have a paid ticket or have received VIP guest status from Southeast Analog. If you would like to learn more about our organization, please visit our website ( www.southeastanalog.org ) or our socials (@SoutheastAnalog). Any and all questions should be directed to southeastanalog@gmail.com.",April 24 2026,9:00 PM,1:00 AM,GTRI Conference Center,Southeast Analog at Georgia Tech,N/A,https://gatech.campuslabs.com/engage/event/12343659,N/A,TRUE,April 19 2026
300092,Farewell Dinner,The last dinner of the year! Come out and see who the new board is!,April 24 2026,9:00 PM,1:00 AM,Kendeda Auditorium,Muslim Students Association,N/A,https://gatech.campuslabs.com/engage/event/12398172,N/A,TRUE,April 19 2026
300093,Urban Change & Displacement: Lessons from Atlanta,"Explore how large-scale international events like the 1996 Olympics and the FIFA World Cup have shaped urban redevelopment and displacement in Atlanta! We&rsquo;ll connect historical policies, from the end of public housing and the &ldquo;Atlanta Way&rdquo; to modern patterns of growth. It will include a short historical overview, a film screening, and a discussion at the end.",April 24 2026,9:30 PM,11:00 PM,Petit Microelectronics 102A,Society of Women Engineers,N/A,https://gatech.campuslabs.com/engage/event/12426652,N/A,TRUE,April 19 2026
300094,Silent Retreat,"The Silent Retreat Program is a weekend experience designed to support the well-being of undergraduate and graduate students. Held from Friday evening through Sunday afternoon at the Ignatius House Retreat Center in Sandy Springs, the retreat offers students a chance to step away from the stress of school and daily responsibilities in a quiet and peaceful environment overlooking the Chattahoochee River. The program is offered as a recurring series event each year during the spring, summer, and fall semesters. &nbsp; During the retreat, participants will spend time in silence, reflection, and rest. Students will have space to relax, reflect, journal, and enjoy nature without the distractions of technology or busy schedules. &nbsp; The goal of the retreat is to help students recharge, reduce stress, and focus on their mental and emotional well-being. By creating a calm and supportive environment, the program encourages students to slow down, reflect, and return feeling refreshed and renewed. &nbsp; For questions or additional information, please contact Dr. John D. Cressler&nbsp;at cressler@ece.gatech.edu &nbsp;or (404) 894-5161. &nbsp; To RSVP, please contact Dr. John D. Cressler directly.",April 24 2026,10:00 PM,4:00 PM,Ignatius House Retreat Center,Center for Student Engagement,N/A,https://gatech.campuslabs.com/engage/event/12321892,N/A,TRUE,April 19 2026
300095,Graduation Dinner,Open to everyone! Celebrate the graudates of the SSA with dinner catered from Yalda. Dress up! On friday not saturday!,April 24 2026,10:00 PM,1:00 AM,Instructional Center,Saudi Student Association,N/A,https://gatech.campuslabs.com/engage/event/12424185,N/A,TRUE,April 19 2026
300096,SSA End of Year Celebration ,"We will be hosting an end of year celebration full of activities like a photo booth and music to create a joyful and inviting environment for people to come and celebrate the end of another great school at Georgia Tech together. We will also be celebrating any graduating GT26 students that come, using the photo booth to help give them some more memorable photos with friends! &nbsp; Event open to everyone! P.S. Dress up!",April 24 2026,10:00 PM,2:00 AM,instructional Center 215,Saudi Student Association,N/A,https://gatech.campuslabs.com/engage/event/12424186,N/A,TRUE,April 19 2026
300097,Mini Concert,"A mini concert at Aarohi is a brief yet vibrant performance where artists can showcase their skills in Indian classical arts. It&rsquo;s a great opportunity for performers to display their talents in front of an audience. Whether you're a performer or a spectator, the mini concert provides a unique and intimate setting to experience the beauty of classical music and dance!",April 24 2026,10:00 PM,12:00 AM,Scheller 100 ,Aarohi ,N/A,https://gatech.campuslabs.com/engage/event/12323811,N/A,TRUE,April 19 2026
300098,Rooted End of Year!,Join us for our End of Year event with free food and recollecting memories with Rooted Christian Fellowship!,April 24 2026,11:00 PM,1:30 AM,Cypress Theater,Rooted Christian Fellowship,N/A,https://gatech.campuslabs.com/engage/event/12434507,N/A,TRUE,April 19 2026
300099,Pitch-a-Piece Concert,"Join us for our student-led spring concert and enjoy a wide range of music including choral classics and pop hits. Afterwards, join us for our reception including catered treats and beverages.",April 24 2026,11:00 PM,12:00 AM,West Village Dining Commons 175,Chamber Choir,N/A,https://gatech.campuslabs.com/engage/event/12296363,N/A,TRUE,April 19 2026
300100,The Final Stand 2026,"2016 called&hellip; and it&rsquo;s inviting you to the ultimate throwback night. Don't miss&nbsp; The Final Stand 2026! &nbsp;The Final Stand is an annual event hosted by the Freshman Student Government Association (FreShGA) at the end of the spring semester and provides the opportunity for students to destress before finals with&nbsp; free food ,&nbsp; t-shirts, trivia, board games, team competitions &nbsp;(with awesome prizes for our winners!), and&nbsp; giveaways!&nbsp; Hope to see you there! Team tournament events include&nbsp; basketball, volleyball, soccer, badminton, dodgeball, track and field events,&nbsp; pickleball, bottle flipping, and more!&nbsp; To register a team for a tournament, please click&nbsp; here. To view registered teams and brackets during the event, see&nbsp; this spreadsheet. The Final Stand will take place on Friday, April 24th from 10PM - 2AM at Georgia Tech's Campus Recreation Center (CRC). We look forward to seeing you there! *Please note that the CRC &amp; FreShGA are not responsible for any lost or stolen goods.",April 25 2026,2:00 AM,6:00 AM,Georgia Tech Campus Recreation Center,FreShGA,N/A,https://gatech.campuslabs.com/engage/event/12255726,N/A,TRUE,April 19 2026
300101,Dashing Divas: Walk-A-Thon,"Walking for Wellness. Walking for Women. Walking with Purpose. &nbsp; The Xi Alpha Chapter of Delta Sigma Theta Sorority, Inc. proudly invites you to join us for our bi-annual Walk-A-Thon, a 5K experience taking place in Metro-Atlanta at Georgia Tech. This event centers on our commitment to Physical and Mental Health programming while uniting our campus and community around a shared purpose: advancing women&rsquo;s wellness locally and globally. &nbsp; This year, proceeds from our Walk-A-Thon will support both local chapter programming and an international women&rsquo;s health initiative. A portion of funds raised will be donated to the Fistula Foundation, an organization dedicated to providing life-changing surgery and care to women suffering from obstetric fistula - a childbirth injury that disproportionately impacts women in low-resource communities around the world. Through this partnership, we are standing in solidarity with women globally and supporting access to critical maternal health care. &nbsp; Your participation fuels impact beyond the 5K. How you can help power our mission: &bull;&nbsp;Donate:&nbsp;Every dollar counts. Contribute today to help us reach our goal. &bull; Share: Share our campaign with friends, family, and on social media. Your advocacy amplifies our impact. Together, we walk with intention. We walk for wellness. We walk for women. &nbsp; Thank you for supporting our mission, your support is invaluable!",April 25 2026,12:00 PM,4:00 PM,Tech Green,"Xi Alpha Chapter of Delta Sigma Theta Sorority, Inc",N/A,https://gatech.campuslabs.com/engage/event/12355312,N/A,TRUE,April 19 2026
300102,GameFest 2026,"Georgia Tech&rsquo;s premier gaming LAN event is back for another amazing year! GameFest 2026 is&nbsp; FREE &nbsp; collegiate gaming experience where attendants can enter tournaments and challenges featuring your favorite games. The more games you play, the more points you earn and the attendant with the most points at the end of GameFest 2026 will win The Director's Cup Grand Prize: A New Custom-Built Gaming PC!! With returning staples like Marvel Rivals, Valorant, League of Legends, and Rocket League plus new titles like Mario Kart World, 2XKO, Brawl Stars, Pokemon, and so much more , GameFest 2026 has something for everyone! Join us APRIL 25TH and 26TH in the GEORGIA TECH CAMPUS RECREATION CENTER for GAMEFEST 2026!! Whether you&rsquo;re a casual gamer or looking to dominate as many events as possible, our celebration of gaming is an event you won't want to miss! Register for the event TODAY on&nbsp; The Official GameFest 2026 Website and signup for your favorite games at&nbsp; start.gg/gamefest-2026 !",April 25 2026,1:00 PM,11:00 PM,The Georgia Tech Campus Recreation Center,Esports,N/A,https://gatech.campuslabs.com/engage/event/12419268,N/A,TRUE,April 19 2026
300103,Community Garden Workday,"Come out and join us as we harvest, plant, and maintain plots in the garden! Workdays run every week and everyone is welcome to join, no experience needed! Make sure to dress appropriately, wear sunscreen, and bring water as we'll be doing lots of work every week. You can also bring a bag if you'd like to bring vegetables home with you. Gloves are provided! The Community Garden is located on the IC lawn adjacent to the Exhibition Hall. For workday updates (including cancellations and postponements due to weather), join our GroupMe here: https://groupme.com/join_group/92658464/LPZ4oucJ Join SOS: https://docs.google.com/forms/d/e/1FAIpQLSeI0wb-pqygiaeJvZhWgPap2FH94LE3SvGmBkyVm-MbgRUidg/viewform?usp=sf_link",April 25 2026,1:00 PM,3:00 PM,SOS Community Garden,Students Organizing for Sustainability,N/A,https://gatech.campuslabs.com/engage/event/12042450,N/A,TRUE,April 19 2026
300104,Healthy Hives- Sound Bath ,Take a break before finals week by relaxing to the soothing vibrations of a Sound Bath. &nbsp; Registration for this event opens 5 days before the event and can be found here !&nbsp;,April 25 2026,3:00 PM,4:00 PM,GT Upper Connector,Campus Recreation Center,N/A,https://gatech.campuslabs.com/engage/event/12353093,N/A,TRUE,April 19 2026
300105,TSO Spring Picnic & Community Event,"This event is organized by the Turkish Student Organization (TSO) to celebrate April 23rd National Sovereignty and Children&rsquo;s Day , a significant cultural holiday in Turkey. The picnic aims to promote cultural awareness, community building, and student engagement in a relaxed outdoor setting. Food and refreshments will be provided to support participation and create an inclusive environment open to all students.",April 25 2026,4:00 PM,8:00 PM,THA Activity Room - GLC,Turkish Student Organization,N/A,https://gatech.campuslabs.com/engage/event/12417150,N/A,TRUE,April 19 2026
300106,Overnight Camping Adventure,"Join us for an overnight adventure in nature! We&rsquo;ll be camping at&nbsp; Amicalola Falls State Park &nbsp;(418 Amicalola Falls State Park Rd, Dawsonville, GA 30534) &mdash; home to Georgia&rsquo;s tallest waterfall and beautiful hiking trails.&nbsp;We&rsquo;ll be renting gear from ORGT to make camping accessible for everyone &mdash; no experience needed! 📍 Meeting Location &amp; Transportation We will&nbsp; meet on campus at 1:00 PM &nbsp;and carpool to Amicalola Falls (about 1.5 hours away). If you RSVP, you&rsquo;ll be added to a&nbsp; carpooling sheet &nbsp;to help coordinate rides. You&rsquo;re also welcome to arrange your own transportation and meet us directly at the trailhead. We expect to arrive at the park around&nbsp; 2:30 PM . 🗓️ Tentative Schedule 1:00 PM &nbsp;&ndash; Meet at campus &amp; leave 2:30 PM &nbsp;&ndash; Arrive at Amicalola Falls 3:00&ndash;6:00 PM &nbsp;&ndash; Group hike at the falls 6:30 PM &nbsp;&ndash; Dinner (bring your own food/snacks; hot water for simple meals will be available) Evening &nbsp;&ndash; Campfire, games, and community time Morning &nbsp;&ndash; Pack up after breakfast, optional short hike, head back to campus (depends on driver/plans) 🍴 What to Bring Snacks and/or easy meals you can prepare with hot water (e.g., instant noodles, oatmeal, dehydrated meals) Plenty of water and electrolytes Warm layers (it can get chilly at night!) ✅ Safety &amp; Notes All participants will sign a waiver before attending. We&rsquo;ll stay together as a group for hikes and evening activities. Cell service can be limited &mdash; plan ahead. Bring only what you need and keep track of your belongings.",April 25 2026,5:00 PM,11:00 PM,Amicalola Falls State Park,Seek Discomfort Club,N/A,https://gatech.campuslabs.com/engage/event/12384639,N/A,TRUE,April 19 2026
300107,CASA @ GT: Pre-Finals Dastarkhan,"&nbsp; &nbsp; Join the Central Asian Student Association for our final gathering of the academic year. As we approach &nbsp;People's Unity Day , we are coming together to celebrate the cultures of Central Asia and honor our graduating seniors. Consider this the final Dastarkhan before finals week&mdash;a chance to recharge with authentic food and community before the library grind begins! &nbsp;",April 25 2026,11:30 PM,2:30 AM,Tech Green,Central Asian Student Association,N/A,https://gatech.campuslabs.com/engage/event/12392515,N/A,TRUE,April 19 2026
300108,Sunday Morning Breakfast & Worship,Join us for Breakfast and Worship. We will start with breakfast at 10:30 and move to worship around 11:00am. Join us for fellowship and growing in your Faith!,April 26 2026,2:30 PM,4:00 PM,Georgia Tech Wesley Foundation,The Wesley Foundation at Georgia Tech,N/A,https://gatech.campuslabs.com/engage/event/12165302,N/A,TRUE,April 19 2026
300109,End of Semester Tie Dye Social,Join WiMSE to celebrate the end of the semester and tie dye fun clothes!,April 26 2026,6:00 PM,8:00 PM,Love Building Patio,Women in Materials Science and Engineering,N/A,https://gatech.campuslabs.com/engage/event/12396476,N/A,TRUE,April 19 2026
300110,NAACP Image Awards,"The Georgia Tech NAACP Image Awards is an annual gala honoring Black excellence, leadership, service, and impact within the Georgia Tech community and beyond. The 2027 Image Awards will be themed Harlem Renaissance, celebrating culture, creativity, resilience, and legacy through an elegant, art-deco&ndash;inspired evening. This event will include: Formal awards ceremony Cultural performances Dinner &amp; reception Dress code and additional details will be shared closer to the event date.",April 26 2026,10:00 PM,1:45 AM,Alumni House,National Association for the Advancement of Colored People @ GT,N/A,https://gatech.campuslabs.com/engage/event/12261433,N/A,TRUE,April 19 2026
300111,Dinner and Worship @ Grace House,"Join us every Sunday night for Dinner at 6:30 and Worship starting around 7pm.&nbsp; Everyone is welcome to join us so please feel free to stop by for some or all of the evening!&nbsp;&nbsp; &nbsp; Grace House is a progressive campus ministry within a Lutheran and Episcopal tradition that is deeply rooted in our faith in the Triune God. You do not need to identify as any denomination or faith to participate. We seek to subvert the narrative that Christians are bigoted by living out the social justice message of Christ in the Gospels in our daily lives. We are an LGBTQIA+ affirming ministry that believes that God loves people exactly as we are.&nbsp; We recognize the ways that racism harms people and work to dismantle white supremacy. We understand that science, medicine, and environmental justice are crucial to caring for all of God's creation. We strive to practice trauma informed spirituality. This means that we practice enthusiastic consent and we are a sex-positive ministry that prioritizes mental health and stands with survivors of abuse in all forms. In all of this, we also make sure to leave room for safe inquiry and encourage discussion. Even though we are believing Christians, we do not and cannot claim to have all the right answers. We celebrate other religious practices and value interfaith work. Ultimately, Grace House looks for the best in everyone and strives for justice and equity where we can. This is a safe space for all to feel like they belong.",April 26 2026,10:30 PM,12:15 AM,Grace House,Grace House,N/A,https://gatech.campuslabs.com/engage/event/11611752,N/A,TRUE,April 19 2026
300112,Stress Less Pop-Up,"Take a break with us at Stress Less Pop-Up on Monday, April 27th from 11:00 AM to 2:00 PM! Stop by our table, take a breath, and reset before finals. We&rsquo;ll have light snacks and simple stress-relief items to help you recharge and refocus during a busy week. More details coming soon!",April 27 2026,3:00 PM,6:00 PM,Skiles Walkway,Transfer Student Association,N/A,https://gatech.campuslabs.com/engage/event/12398161,N/A,TRUE,April 19 2026
300113,Hive Hangout!,"Need a break between classes? Looking for a chill spot to meet awesome people? The Hive Hangout is the place for commuter students to kick back, connect, and make campus feel like home. Join Commuter Student Engagement every Monday, starting January 26, for good vibes, friendly faces, and a space that&rsquo;s all about you. Stop by for conversation cards, board games, or crafts happening on select weeks! Whether you join the activities or just chill, The Hive is all about good vibes.",April 27 2026,3:00 PM,5:00 PM,Southern Company Multicultural Programs Lounge - John Lewis Student Center 3rd Floor,Student Center,N/A,https://gatech.campuslabs.com/engage/event/12011586,N/A,TRUE,April 19 2026
300114,Spanish Speaking Org General Body Meeting,SSO General Body Meetings are designed to create a fun space to practice Spanish language skills through games and casual conversations.,April 27 2026,10:00 PM,11:00 PM,West Architecture - Room 258,Spanish Speaking Organization,N/A,https://gatech.campuslabs.com/engage/event/11999661,N/A,TRUE,April 19 2026
300115,SiliconJackets End-of-Year Networking Event (Tech Rec),"Our end-of-year networking and outreach event at Tech Rec is intended to engage the broader GT community in conversations about semiconductor engineering while having a fun time bowling and playing pool. The event will be open to all GT students and allow students from all majors and backgrounds to learn more about digital design, verification, physical design, and analog design while connecting with SiliconJackets members and exploring different project opportunities and career paths. With this event, SiliconJackets hopes to encourage inclusivity, broaden exposure to hardware-focused career paths, and support students who are curious about the field but do not yet have prior experience.",April 27 2026,10:00 PM,12:00 AM,Tech Rec,SiliconJackets,N/A,https://gatech.campuslabs.com/engage/event/12377716,N/A,TRUE,April 19 2026
300116,SOS End of Year Celebration,"Join SOS for an end-of-year social, open to anyone in the Georgia Tech community! &nbsp; Come learn about SOS's projects, what they've accomplished this semester, and meet the new Executive board for the 2026-27 school year.&nbsp;",April 27 2026,10:30 PM,1:30 AM,West Village Lawn & Fire Pits,Students Organizing for Sustainability,N/A,https://gatech.campuslabs.com/engage/event/12400639,N/A,TRUE,April 19 2026
300117,Club Meeting and Observatory Night,"A special astronomy presentation will be given to members in Howey S107 or L3. Check Discord each week to see which room to meet in. After the presentation, members will be taken to the observatory to view what is up in the sky.",April 27 2026,11:30 PM,12:00 AM,Howey Physics,Astronomy Club,N/A,https://gatech.campuslabs.com/engage/event/12319023,N/A,TRUE,April 19 2026
300118,VSA Study Social,"Join VSA for a study social designed to provide a focused and supportive environment to get work done. Whether you are preparing for exams, completing assignments, or catching up on readings, this is a great opportunity to stay productive alongside friends. Take a break from studying at home and come work in a collaborative setting with the VSA community.",April 28 2026,12:00 AM,3:00 AM,Klaus 2nd Floor Auditorium,Vietnamese Student Association,N/A,https://gatech.campuslabs.com/engage/event/12356081,N/A,TRUE,April 19 2026
300119,SGA Infrastructure and Sustainability Committee Tabling and Coffee,"Come talk to members of SGA's Joint Infrastructure Committee, Joint Sustainability Committee, and Joint Safety and Security Committee, about issues that you're facing on campus, from micromobility to compost to safety. We'll be serving free coffee!",April 28 2026,3:00 PM,5:00 PM,Tech Walkway,Student Government Association,N/A,https://gatech.campuslabs.com/engage/event/12293954,N/A,TRUE,April 19 2026
300120,VFS Technical Speaker Series - NASA Ames - Dr. Schatzman,"Join us for a technical talk with Dr. Schatzman, an aerospace engineer at NASA Ames Research Center and also one of our Georgia Tech mentors-in-residence. More details on her talk to come soon. Pizza will be provided.",April 28 2026,3:00 PM,4:00 PM,Guggenheim 442,Vertical Flight Society,N/A,https://gatech.campuslabs.com/engage/event/12419270,N/A,TRUE,April 19 2026
300121,GSA End of Semester Social,"End the semester off on a good note at the Ghanaian Student Association End of Semester Social. Join us for an evening to meet and connect with other Ghanaians students, undergraduate and graduate level, on campus.&nbsp;&nbsp;",April 28 2026,8:00 PM,10:00 PM,Student Center- Southern Company Multicultural Programs Lounge,Ghanaian Student Association @ Georgia Tech,N/A,https://gatech.campuslabs.com/engage/event/12042626,N/A,TRUE,April 19 2026
300122,SSA lock In ,"Join us to lock in, study, stay productive, and prepare for finals",April 28 2026,9:00 PM,12:00 AM,Clough Undergraduate Learning Commons,Saudi Student Association,N/A,https://gatech.campuslabs.com/engage/event/12369419,N/A,TRUE,April 19 2026
300123,Excellent Adventures Physics Finals Study Workshop,"The SPS Study Workshop is really essential for supporting students academically ahead of final exams season by combining useful strategies with actual practice in a collaborative setting. We&rsquo;ll start with a short talk covering study tips, time management, and test-taking strategies so students can walk away with techniques they can immediately use. After that, we&rsquo;ll break into smaller groups for practice, where students can work through problems together, ask questions, and get more personalized help.",April 28 2026,10:00 PM,12:00 AM,Howey N201,Society of Physics Students,N/A,https://gatech.campuslabs.com/engage/event/12384117,N/A,TRUE,April 19 2026
300124,End of Year Picnic,"Join us in our final event of the year, our annual picnic! Spend time with friends until we say bye for the summer and celebrate our graduates!",April 28 2026,10:00 PM,11:30 PM,Skiles Triangle Lawn,Eritrean-Ethiopian Student Association,N/A,https://gatech.campuslabs.com/engage/event/12096521,N/A,TRUE,April 19 2026
300125,SASE Study Hall,Join SASE to study for finals with free Insomnia Cookies! Event will run from 6:30pm to 8:00pm at Instructional Center 211.,April 28 2026,10:30 PM,12:00 AM,Instructional Center 211,Society of Asian Scientists and Engineers,N/A,https://gatech.campuslabs.com/engage/event/12398166,N/A,TRUE,April 19 2026
300126,Media Team Meeting,"WREK's media team has roles for photographers, music journalists, newsletter writers/designers, videographers, and video editors! Join us to get involved with cool projects : )",April 28 2026,10:30 PM,11:00 PM,Conference Room 3108 in the Student Center,WREK Radio,N/A,https://gatech.campuslabs.com/engage/event/12204178,N/A,TRUE,April 19 2026
300127,BISYE GBM,"The Black Industrial Engineers at Tech is a space for community, culture, and connection, celebrating the impact of Black engineers through networking and shared experiences. The event fosters professional, social, and academic development, providing opportunities to connect, grow, and support one another at Tech.",April 28 2026,10:30 PM,11:30 PM,Skiles 269,Black Industrial Engineers at Tech,N/A,https://gatech.campuslabs.com/engage/event/12065196,N/A,TRUE,April 19 2026
300128,Tuesday Night Dinner and Worship,"Join us for Tuesday Night Dinner and Worship. We will start at 7:00pm with fellowship and dinner provided by either our ministry or one of our partners. Then around 7:30-7:45pm, we will start our worship service with worship music, a message, prayer, and communion. After the service, please stay after for our Class based Core Groups and small group fun.",April 28 2026,11:00 PM,12:45 AM,Georgia Tech Wesley Foundation,The Wesley Foundation at Georgia Tech,N/A,https://gatech.campuslabs.com/engage/event/12165322,N/A,TRUE,April 19 2026
300129,Design Collective Weekly Meeting,"The WREK design collective creates visuals such as posters, stickers, and merchandise for Georgia Tech's radio station, WREK radio! No experience necessary and skillshares almost every week : )",April 28 2026,11:00 PM,11:30 PM,The station (2nd floor student center),WREK Radio,N/A,https://gatech.campuslabs.com/engage/event/12204193,N/A,TRUE,April 19 2026
300130,GIFTED Bible Study,"A place for students to get reflection, repentence, renewal, and fellowship with one another and Jesus Christ through the word of God.",April 28 2026,11:30 PM,1:30 AM,John Lewis Student Center,God's Influence Flowing Through Every Disciple,N/A,https://gatech.campuslabs.com/engage/event/11919988,N/A,TRUE,April 19 2026
300131,Appreciation Night,"Appreciation Night is an opportunity to come together as a community and celebrate the efforts, contributions, and impact of everyone involved throughout the year. Join us for an evening of connection, reflection, and recognition as we highlight the work that makes our community thrive. &nbsp;",April 29 2026,12:00 AM,12:30 AM,Peachtree Room at Student Center,Muslim Tech Collaborative at Georgia Tech,N/A,https://gatech.campuslabs.com/engage/event/12419274,N/A,TRUE,April 19 2026
300132,Finals Freeze with SGA,Join SGA to unwind before finals! Enjoy free Ben and Jerry's ice cream and Blue Donkey coffee!,April 29 2026,2:00 PM,5:00 PM,The Campanile,Student Government Association,N/A,https://gatech.campuslabs.com/engage/event/12404539,N/A,TRUE,April 19 2026
300133,CSA Finals Prep Hall,Got a final coming up? Come to the CSA finals preparation session! Learn some tips for test taking and make yourself a study plan calendar! Enjoy meeting and studying with people who share the same classes as you!,April 29 2026,4:00 PM,10:00 PM,Klaus 1456,Chinese Student Association,N/A,https://gatech.campuslabs.com/engage/event/12356086,N/A,TRUE,April 19 2026
300134,AeroAfroAstro - Spring 2026 End of the Semester Luncheon!,"&nbsp; Join AeroAfroAstro as we close out this school year with a bang!&nbsp;We&rsquo;ll celebrate everyone's accomplishments, reflect on our milestones, and recognize the incredible work everyone has done this semester. Show up to celebrate, enjoy food, relax or study before finals, and honor graduating members and your community at Georgia Tech!",April 29 2026,4:30 PM,6:00 PM,Kendeda - Classroom 210,AeroAfroAstro,N/A,https://gatech.campuslabs.com/engage/event/12229499,N/A,TRUE,April 19 2026
300135,Chamber Choir Reading Day Mocktail Making,"Join the Chamber Choir this reading day from 1-5pm at West Village for a fun social with mocktail making, snacks, beverages and fun activities. This is the perfect way to end out the school year!",April 29 2026,5:00 PM,9:00 PM,WV 277,Chamber Choir,N/A,https://gatech.campuslabs.com/engage/event/12296342,N/A,TRUE,April 19 2026
300136,EWB-GT Finals Study Party,"Engineers Without Borders will be hosting a campus-wide study session open to all Georgia Tech students! Come take a break from the stress of finals, enjoy free Dunkin&rsquo; and snacks, and settle into a cozy, supportive environment to focus and&nbsp; lock in &nbsp;for your exams. Whether you need a quiet space to study, a boost of motivation, or just some good company, we&rsquo;ve got you covered. Join us and make your finals prep a little more enjoyable!",April 29 2026,6:00 PM,10:00 PM,Mason Room 1133,Engineers Without Borders,N/A,https://gatech.campuslabs.com/engage/event/12419289,N/A,TRUE,April 19 2026
300137,4/29 NOW,"A night of worship for students, by students. All are Welcome!",April 29 2026,7:00 PM,9:00 PM,Tech Green,Night of Worship,N/A,https://gatech.campuslabs.com/engage/event/12431629,N/A,TRUE,April 19 2026
300138,Senior Send-off Event (New),"As a celebration of their time in SWiP and the greater Georgia Tech Community, SWiP plans to host a Senior Send Off Event, commemorating graduating seniors. The celebration will be open to all of Georgia Tech, who wishes to join the festivities and congratulations of SWiP senior members, and especially, our graduating executive board. With food, drinks, and some decoration, we hope to send off seniors into a new chapter of their life.",April 29 2026,7:00 PM,9:00 PM,SWiP Room in Howey,Society of Women in Physics,N/A,https://gatech.campuslabs.com/engage/event/12413127,N/A,TRUE,April 19 2026
300139,ASO Final Lock in,"Finals season is here come lock in with the Arab Student Organization (ASO)! Join us for a productive and supportive study session where you can focus, stay motivated, and get work done alongside friends. We&rsquo;ll have study rooms reserved so you can settle in, plus snacks provided to keep you fueled throughout the night. Whether you&rsquo;re grinding for exams, finishing up projects, or just need a change of scenery, this is the perfect space to stay on track and make finals week a little easier. Bring your materials, bring your friends, and let&rsquo;s finish the semester strong together!",April 29 2026,9:00 PM,1:00 AM,Student Center 3rd Floor Multicultural Room,Arab Student Organization,N/A,https://gatech.campuslabs.com/engage/event/12391795,N/A,TRUE,April 19 2026
300140,Sigmas Don't Sleep,"Study Event, where students can get soul food for free and lock in as they prepare for finals.",April 29 2026,10:15 PM,2:15 AM,Flag Building Room 102 (Office of Belonging and Student Support),"Phi Beta Sigma Fraternity, Inc",N/A,https://gatech.campuslabs.com/engage/event/12408042,N/A,TRUE,April 19 2026
300141,ABLE Alliance Bi-weekly Community Event,"Come meet with other ABLE members to study, hang out, or learn how to get involved! Free food and great company will be there!",April 29 2026,10:30 PM,11:30 PM,Kendeda 230,ABLE Alliance,N/A,https://gatech.campuslabs.com/engage/event/12335607,N/A,TRUE,April 19 2026
300142,Birdwatching General Meeting,"Come on by to Birdwatchers' weekly general meeting for the pizza or snacks, stay for the birding and community! At these meetings, we typically present on a birding/conservation related topic (citizen science tools, species identification, GT's ongoing ornithological research) or host a fun bird-related activity (Wingspan or decorating cookies). There's also always ample time to be social with your fellow birders! No prior birding experience required. Join our&nbsp; Discord &nbsp;to hear about what our meeting's specific topic will be and and get to know some like-minded people :)",April 29 2026,10:30 PM,12:00 AM,Skiles 249,Birdwatchers,N/A,https://gatech.campuslabs.com/engage/event/12042493,N/A,TRUE,April 19 2026
300143,WCF dinner and worship!,Every Wednesday we offer a fun environment to meet students on campus and enjoy a delicious meal. We follow this up with our weekly worship service filled with a talk and live worship! Everyone is welcome and we would love to see you there! &nbsp; &nbsp; If you're looking for community over the summer come join us! Everyone is welcome.,April 29 2026,10:30 PM,12:30 AM,WCF,Westminster Christian Fellowship,N/A,https://gatech.campuslabs.com/engage/event/12021822,N/A,TRUE,April 19 2026
300144,All student worship service,"Come join up as we strive to love one another whilst following the Bible! This event is open to everyone, we love meeting new people and food will be served!! (usually CFA or PJs)!!!!",April 29 2026,11:00 PM,12:00 AM,C456 Classroom Van Leer,Alpha Omega Campus Ministry,N/A,https://gatech.campuslabs.com/engage/event/11971157,N/A,TRUE,April 19 2026
300145,GT Hooks & Needles Wednesday GBM,"&nbsp; Come join us for our weekly crafting meeting! We'll be crafting, chatting, and will have plenty of people willing to teach you to crochet or knit. We also have a communal yarn &amp; supply stash for our members to use. Location will be announced in our Discord &amp; Instagram; however, we will almost always be in Cabbagetown Boardroom located in the Exhibition Hall.&nbsp;",April 29 2026,11:30 PM,12:30 AM,Exhibition Hall - Cabbagetown Boardroom,Hooks & Needles Fiber Arts Club @ GT,N/A,https://gatech.campuslabs.com/engage/event/12261428,N/A,TRUE,April 19 2026
300146,Midnight Breakfast for Afghanistan,"Finals are draining &mdash; but the world doesn't pause. While you're studying, millions in Afghanistan are navigating a humanitarian crisis that doesn't make the headlines the way it should. Come eat, breathe, and take a few minutes to understand what's happening, what led here, and what you can actually do about it. Breakfast is on us. The rest is on all of us.",April 30 2026,1:00 AM,3:45 AM,"Student Center, Rafael Bras",Muslim Students Association,N/A,https://gatech.campuslabs.com/engage/event/12399023,N/A,TRUE,April 19 2026
300147,STPC Final Showcase Spring 2026,Come watch our policy teams showcase the work they have completed over the semester. Catering is provided!,April 30 2026,4:00 PM,8:00 PM,Multicultural Room - Student Center,Science & Technology Policy Connections at Georgia Tech,N/A,https://gatech.campuslabs.com/engage/event/12313988,N/A,TRUE,April 19 2026
300148,Billiard Club Weekly Meeting,"Come join the Billiards Club at Georgia Tech for our weekly meetings at the Student Center pool tables! Whether you&rsquo;re picking up a cue stick for the first time or already an experienced player, this is a fun and relaxed way to practice, play friendly matches, and meet other Yellow Jackets who enjoy billiards. Each week includes casual games, mini-tournaments, and plenty of chances to connect with fellow students while unwinding on campus. 🎱 Join the Slack! https://join.slack.com/t/billiardcluba-ike8251/shared_invite/zt-3c5n3bo9v-Dnxw6R8rckd6USyYbeXCqw",April 30 2026,10:00 PM,11:00 PM,Georgia Tech Student Center: Tech Rec Pool Tables,Billiard Club at GT,N/A,https://gatech.campuslabs.com/engage/event/12021785,N/A,TRUE,April 19 2026
300149,Chocolate and Meditation,"&nbsp; Description Join us to enhance your senses through breathwork and meditation, and experience what indulging in chocolate can feel like! About our organization: SKY SKY Campus Happiness &nbsp;is a comprehensive well-being and resilience program designed to help students, faculty and staff achieve their fullest potential. In this 40-minute live interactive session, we will share: How to overcome mind wandering a powerful breathing technique a guided meditation We would love to see you in this workshop and grow on the self care journey together! If you have any questions please write to us at yesplusgt@gmail.com. Our inspiration We are an open space to drop in and find calm. Knowing the benefits of breath-work and meditation, we love to share these tools with more people. A 2020 study at Yale that explored mental wellness interventions with surprising results. Discover how SKY Breath Meditation/ SKY Happiness Retreat created significant improvements in stress, anxiety, depression, mental health, social connectedness, mindfulness, and positive emotions for Yale students. Yale press release",April 30 2026,10:30 PM,11:30 PM,Castleberry Room (3rd Floor),SKY,N/A,https://gatech.campuslabs.com/engage/event/12326332,N/A,TRUE,April 19 2026
300150,Community Garden Workday,"Come out and join us as we harvest, plant, and maintain plots in the garden! Workdays run every week and everyone is welcome to join, no experience needed! Make sure to dress appropriately, wear sunscreen, and bring water as we'll be doing lots of work every week. You can also bring a bag if you'd like to bring vegetables home with you. Gloves are provided! The Community Garden is located on the IC lawn adjacent to the Exhibition Hall. For workday updates (including cancellations and postponements due to weather), join our GroupMe here: https://groupme.com/join_group/92658464/LPZ4oucJ Join SOS: https://docs.google.com/forms/d/e/1FAIpQLSeI0wb-pqygiaeJvZhWgPap2FH94LE3SvGmBkyVm-MbgRUidg/viewform?usp=sf_link",May 1 2026,1:00 PM,3:00 PM,SOS Community Garden,Students Organizing for Sustainability,N/A,https://gatech.campuslabs.com/engage/event/12042451,N/A,TRUE,April 19 2026
300151,BiPS Journal Club,Are you fascinated by light and how we see the world? Biomedical Photonics Society (BiPS) invites everyone to our weekly Journal Club! We take turns presenting fascinating research papers on optics and imaging. Join us and check out what cool photonics people are doing! &nbsp; You can find the list of papers we&rsquo;ve discussed at the link below: https://sites.gatech.edu/bips/journal-club/,May 1 2026,5:00 PM,6:00 PM,Room 4101 in Whitaker,Biomedical Photonics Society,N/A,https://gatech.campuslabs.com/engage/event/12065034,N/A,TRUE,April 19 2026
300152,TWN Finals Last to Lock in Challenge,"Interested in gamifying your finals studying experience? Need a place to lock in as you prepare for your final exams? Join us in Skiles 170 on May 1st between 2-7 PM&nbsp; to study and play games designed for a fun, interactive studying experience! Additionally, for each hour you study, you can spin the wheel and get prizes! Don't have time to play games? Feel free to drop in anytime between 2-7 PM to fuel for your next final. We will have food and refreshments for attendees!",May 1 2026,6:00 PM,11:00 PM,Skiles 170,The Women's Network,N/A,https://gatech.campuslabs.com/engage/event/12419280,N/A,TRUE,April 19 2026
300153,Silent Retreat,"The Silent Retreat Program is a weekend experience designed to support the well-being of undergraduate and graduate students. Held from Friday evening through Sunday afternoon at the Ignatius House Retreat Center in Sandy Springs, the retreat offers students a chance to step away from the stress of school and daily responsibilities in a quiet and peaceful environment overlooking the Chattahoochee River. The program is offered as a recurring series event each year during the spring, summer, and fall semesters. &nbsp; During the retreat, participants will spend time in silence, reflection, and rest. Students will have space to relax, reflect, journal, and enjoy nature without the distractions of technology or busy schedules. &nbsp; The goal of the retreat is to help students recharge, reduce stress, and focus on their mental and emotional well-being. By creating a calm and supportive environment, the program encourages students to slow down, reflect, and return feeling refreshed and renewed. &nbsp; For questions or additional information, please contact Dr. John D. Cressler&nbsp;at cressler@ece.gatech.edu &nbsp;or (404) 894-5161. &nbsp; To RSVP, please contact Dr. John D. Cressler directly.",May 1 2026,10:00 PM,4:00 PM,Ignatius House Retreat Center,Center for Student Engagement,N/A,https://gatech.campuslabs.com/engage/event/12321893,N/A,TRUE,April 19 2026
300154,AMGT Rec Night- Strike Out Stress. ,Strike Out Stress with AMGT at Tech Rec,May 1 2026,10:00 PM,1:00 AM,Tec Rec ,Aero Makers at Georgia Tech,N/A,https://gatech.campuslabs.com/engage/event/12008141,N/A,TRUE,April 19 2026
300155,Magic: The Gathering Beginner Draft & Community Night,"Come join us in a beginner friendly draft for the new set, Secrets of Strixhaven (SOS)! This is event is completely free, but you must RSVP through Engage to reserve a spot. For more information or if you have questions join our discord:&nbsp;https://discord.gg/y2dR6caFjq There are limited spots but we have other drafts planned if all the spots fill up.",May 1 2026,11:00 PM,3:00 AM,Rafael Bras Meeting Room,Magic: The Gathering at Georgia Tech,N/A,https://gatech.campuslabs.com/engage/event/12407591,N/A,TRUE,April 19 2026
300156,SSA Sports Event ,This event is open to all&nbsp;&nbsp;and invites them to come together for a fun and competitive sports games.,May 2 2026,4:00 PM,7:00 PM,Georgia Tech Campus Recreation Center,Saudi Student Association,N/A,https://gatech.campuslabs.com/engage/event/12369420,N/A,TRUE,April 19 2026
300157,AMGT Coffee + CAD night. ,"Burning the midnight oil on CAD? Tired of crashes, glitches, and models that just won&rsquo;t cooperate? Take a break and join us for Coffee + CAD ☕💻 Unwind with a fresh cup while you design your perfect coffee setup, get hands-on help with your CAD work, and turn a frustrating grind into a chill, productive session. Less stress. More coffee. Better CAD. See you there.",May 5 2026,2:00 AM,3:00 AM,Aero Maker Space,Aero Makers at Georgia Tech,N/A,https://gatech.campuslabs.com/engage/event/12394614,N/A,TRUE,April 19 2026
300158,IDSA Final Project Sprint Café,&nbsp;An event for students to mingle and take a break while finishing final touches on their studio projects. Drinks and Snacks will be provided.,May 6 2026,11:00 PM,12:00 AM,Arch West Atrium ,Industrial Designers Society of America,N/A,https://gatech.campuslabs.com/engage/event/12404010,N/A,TRUE,April 19 2026
300159,BiPS Journal Club,Are you fascinated by light and how we see the world? Biomedical Photonics Society (BiPS) invites everyone to our weekly Journal Club! We take turns presenting fascinating research papers on optics and imaging. Join us and check out what cool photonics people are doing! &nbsp; You can find the list of papers we&rsquo;ve discussed at the link below: https://sites.gatech.edu/bips/journal-club/,May 8 2026,5:00 PM,6:00 PM,Room 4101 in Whitaker,Biomedical Photonics Society,N/A,https://gatech.campuslabs.com/engage/event/12065035,N/A,TRUE,April 19 2026
300160,GT SNA's Spring Social,"Celebration for students, graduates, and their families!",May 8 2026,6:00 PM,8:00 PM,CULC Rooftop Gardens,Student Neuroscience Association,N/A,https://gatech.campuslabs.com/engage/event/12405836,N/A,TRUE,April 19 2026
300161,Silent Retreat,"The Silent Retreat Program is a weekend experience designed to support the well-being of undergraduate and graduate students. Held from Friday evening through Sunday afternoon at the Ignatius House Retreat Center in Sandy Springs, the retreat offers students a chance to step away from the stress of school and daily responsibilities in a quiet and peaceful environment overlooking the Chattahoochee River. The program is offered as a recurring series event each year during the spring, summer, and fall semesters. &nbsp; During the retreat, participants will spend time in silence, reflection, and rest. Students will have space to relax, reflect, journal, and enjoy nature without the distractions of technology or busy schedules. &nbsp; The goal of the retreat is to help students recharge, reduce stress, and focus on their mental and emotional well-being. By creating a calm and supportive environment, the program encourages students to slow down, reflect, and return feeling refreshed and renewed. &nbsp; For questions or additional information, please contact Dr. John D. Cressler&nbsp;at cressler@ece.gatech.edu &nbsp;or (404) 894-5161. &nbsp; To RSVP, please contact Dr. John D. Cressler directly.",May 8 2026,10:00 PM,4:00 PM,Ignatius House Retreat Center,Center for Student Engagement,N/A,https://gatech.campuslabs.com/engage/event/12321894,N/A,TRUE,April 19 2026
300162,Spring Final Run 2026,"🏃&zwj;♂️🌸 Lace-up for a cause! Join us for the&nbsp; Spring Run &nbsp;on May 10th at&nbsp; MRDC &mdash;5K, 10K, or Half-Marathon! 🏅 No registration fee, post-run breakfast included, and all for a great cause! 🌍💛 📍 Sign up now:&nbsp; bit.ly/AshaSpringRun2026 #RunForEducation #AshaForEducation #SpringRun #GeorgiaTech""",May 10 2026,10:30 AM,3:30 PM,MRDC,Asha for Education,N/A,https://gatech.campuslabs.com/engage/event/12432278,N/A,TRUE,April 19 2026
300163,BiPS Journal Club,Are you fascinated by light and how we see the world? Biomedical Photonics Society (BiPS) invites everyone to our weekly Journal Club! We take turns presenting fascinating research papers on optics and imaging. Join us and check out what cool photonics people are doing! &nbsp; You can find the list of papers we&rsquo;ve discussed at the link below: https://sites.gatech.edu/bips/journal-club/,May 15 2026,5:00 PM,6:00 PM,Room 4101 in Whitaker,Biomedical Photonics Society,N/A,https://gatech.campuslabs.com/engage/event/12065036,N/A,TRUE,April 19 2026
300164,Silent Retreat,"The Silent Retreat Program is a weekend experience designed to support the well-being of undergraduate and graduate students. Held from Friday evening through Sunday afternoon at the Ignatius House Retreat Center in Sandy Springs, the retreat offers students a chance to step away from the stress of school and daily responsibilities in a quiet and peaceful environment overlooking the Chattahoochee River. The program is offered as a recurring series event each year during the spring, summer, and fall semesters. &nbsp; During the retreat, participants will spend time in silence, reflection, and rest. Students will have space to relax, reflect, journal, and enjoy nature without the distractions of technology or busy schedules. &nbsp; The goal of the retreat is to help students recharge, reduce stress, and focus on their mental and emotional well-being. By creating a calm and supportive environment, the program encourages students to slow down, reflect, and return feeling refreshed and renewed. &nbsp; For questions or additional information, please contact Dr. John D. Cressler&nbsp;at cressler@ece.gatech.edu &nbsp;or (404) 894-5161. &nbsp; To RSVP, please contact Dr. John D. Cressler directly.",May 15 2026,10:00 PM,4:00 PM,Ignatius House Retreat Center,Center for Student Engagement,N/A,https://gatech.campuslabs.com/engage/event/12321895,N/A,TRUE,April 19 2026
300165,Juneteenth Kookout,"Join the Lambda Delta Chapter of Kappa Alpha Psi Fraternity, Inc. for our annual Juneteenth Kookout , a vibrant celebration of freedom, culture, and community at Georgia Tech! This event honors the historical significance of Juneteenth while bringing students together for an afternoon of fellowship, music, and great food. Attendees can enjoy a classic cookout experience featuring grilled favorites, refreshing drinks, and sweet treats, all while engaging in meaningful conversations about Black history, resilience, and progress. Open to all Georgia Tech students, this event is more than just a cookout&mdash;it&rsquo;s an opportunity to build community during the summer semester, connect with peers, and celebrate Black culture in a welcoming and uplifting environment. Whether you&rsquo;re coming for the food, the music, or the fellowship, the Juneteenth Kookout is the perfect space to relax, reflect, and rejoice together. Come out, bring a friend, and celebrate freedom the right way!",May 19 2026,4:00 PM,6:00 PM,GT Connector Courtyard,Kappa Alpha Psi,N/A,https://gatech.campuslabs.com/engage/event/12417488,N/A,TRUE,April 19 2026
300166,BiPS Journal Club,Are you fascinated by light and how we see the world? Biomedical Photonics Society (BiPS) invites everyone to our weekly Journal Club! We take turns presenting fascinating research papers on optics and imaging. Join us and check out what cool photonics people are doing! &nbsp; You can find the list of papers we&rsquo;ve discussed at the link below: https://sites.gatech.edu/bips/journal-club/,May 22 2026,5:00 PM,6:00 PM,Room 4101 in Whitaker,Biomedical Photonics Society,N/A,https://gatech.campuslabs.com/engage/event/12065037,N/A,TRUE,April 19 2026
300167,Silent Retreat,"The Silent Retreat Program is a weekend experience designed to support the well-being of undergraduate and graduate students. Held from Friday evening through Sunday afternoon at the Ignatius House Retreat Center in Sandy Springs, the retreat offers students a chance to step away from the stress of school and daily responsibilities in a quiet and peaceful environment overlooking the Chattahoochee River. The program is offered as a recurring series event each year during the spring, summer, and fall semesters. &nbsp; During the retreat, participants will spend time in silence, reflection, and rest. Students will have space to relax, reflect, journal, and enjoy nature without the distractions of technology or busy schedules. &nbsp; The goal of the retreat is to help students recharge, reduce stress, and focus on their mental and emotional well-being. By creating a calm and supportive environment, the program encourages students to slow down, reflect, and return feeling refreshed and renewed. &nbsp; For questions or additional information, please contact Dr. John D. Cressler&nbsp;at cressler@ece.gatech.edu &nbsp;or (404) 894-5161. &nbsp; To RSVP, please contact Dr. John D. Cressler directly.",May 22 2026,10:00 PM,4:00 PM,Ignatius House Retreat Center,Center for Student Engagement,N/A,https://gatech.campuslabs.com/engage/event/12321896,N/A,TRUE,April 19 2026
300168,Summer S'mores Social,"Kick off your summer semester with us at our Summer S&rsquo;mores Social 🔥🍫 Whether you&rsquo;re new to campus or back for another term, come take a break, grab a s&rsquo;more, and meet other transfer students in a relaxed, welcoming space. We know summer can feel a little quieter&mdash;and finding your people isn&rsquo;t always easy. That&rsquo;s why TSA is hosting this bonfire to help you connect, unwind, and start the semester with some friendly faces. Stop by anytime between 7&ndash;9 PM on May 22nd&mdash;we&rsquo;d love to meet you!",May 22 2026,11:00 PM,1:00 AM,West Dinning Village Fire Pits,Transfer Student Association,N/A,https://gatech.campuslabs.com/engage/event/12417159,N/A,TRUE,April 19 2026
300169,BiPS Journal Club,Are you fascinated by light and how we see the world? Biomedical Photonics Society (BiPS) invites everyone to our weekly Journal Club! We take turns presenting fascinating research papers on optics and imaging. Join us and check out what cool photonics people are doing! &nbsp; You can find the list of papers we&rsquo;ve discussed at the link below: https://sites.gatech.edu/bips/journal-club/,May 29 2026,5:00 PM,6:00 PM,Room 4101 in Whitaker,Biomedical Photonics Society,N/A,https://gatech.campuslabs.com/engage/event/12065038,N/A,TRUE,April 19 2026
300170,Silent Retreat,"The Silent Retreat Program is a weekend experience designed to support the well-being of undergraduate and graduate students. Held from Friday evening through Sunday afternoon at the Ignatius House Retreat Center in Sandy Springs, the retreat offers students a chance to step away from the stress of school and daily responsibilities in a quiet and peaceful environment overlooking the Chattahoochee River. The program is offered as a recurring series event each year during the spring, summer, and fall semesters. &nbsp; During the retreat, participants will spend time in silence, reflection, and rest. Students will have space to relax, reflect, journal, and enjoy nature without the distractions of technology or busy schedules. &nbsp; The goal of the retreat is to help students recharge, reduce stress, and focus on their mental and emotional well-being. By creating a calm and supportive environment, the program encourages students to slow down, reflect, and return feeling refreshed and renewed. &nbsp; For questions or additional information, please contact Dr. John D. Cressler&nbsp;at cressler@ece.gatech.edu &nbsp;or (404) 894-5161. &nbsp; To RSVP, please contact Dr. John D. Cressler directly.",May 29 2026,10:00 PM,4:00 PM,Ignatius House Retreat Center,Center for Student Engagement,N/A,https://gatech.campuslabs.com/engage/event/12321897,N/A,TRUE,April 19 2026
300171,AE Quals Kickoff,Taking the AE Quals this fall? Come join us to mingle with other students and form study groups !&nbsp;This is a social event where food will be provided. Good luck with Quals!,June 1 2026,4:00 PM,6:00 PM,Guggenheim 442,Aerospace Engineering Graduate Student Association,N/A,https://gatech.campuslabs.com/engage/event/12313984,N/A,TRUE,April 19 2026
300172,Silent Retreat,"The Silent Retreat Program is a weekend experience designed to support the well-being of undergraduate and graduate students. Held from Friday evening through Sunday afternoon at the Ignatius House Retreat Center in Sandy Springs, the retreat offers students a chance to step away from the stress of school and daily responsibilities in a quiet and peaceful environment overlooking the Chattahoochee River. The program is offered as a recurring series event each year during the spring, summer, and fall semesters. &nbsp; During the retreat, participants will spend time in silence, reflection, and rest. Students will have space to relax, reflect, journal, and enjoy nature without the distractions of technology or busy schedules. &nbsp; The goal of the retreat is to help students recharge, reduce stress, and focus on their mental and emotional well-being. By creating a calm and supportive environment, the program encourages students to slow down, reflect, and return feeling refreshed and renewed. &nbsp; For questions or additional information, please contact Dr. John D. Cressler&nbsp;at cressler@ece.gatech.edu &nbsp;or (404) 894-5161. &nbsp; To RSVP, please contact Dr. John D. Cressler directly.",June 5 2026,10:00 PM,4:00 PM,Ignatius House Retreat Center,Center for Student Engagement,N/A,https://gatech.campuslabs.com/engage/event/12321898,N/A,TRUE,April 19 2026
300173,Silent Retreat,"The Silent Retreat Program is a weekend experience designed to support the well-being of undergraduate and graduate students. Held from Friday evening through Sunday afternoon at the Ignatius House Retreat Center in Sandy Springs, the retreat offers students a chance to step away from the stress of school and daily responsibilities in a quiet and peaceful environment overlooking the Chattahoochee River. The program is offered as a recurring series event each year during the spring, summer, and fall semesters. &nbsp; During the retreat, participants will spend time in silence, reflection, and rest. Students will have space to relax, reflect, journal, and enjoy nature without the distractions of technology or busy schedules. &nbsp; The goal of the retreat is to help students recharge, reduce stress, and focus on their mental and emotional well-being. By creating a calm and supportive environment, the program encourages students to slow down, reflect, and return feeling refreshed and renewed. &nbsp; For questions or additional information, please contact Dr. John D. Cressler&nbsp;at cressler@ece.gatech.edu &nbsp;or (404) 894-5161. &nbsp; To RSVP, please contact Dr. John D. Cressler directly.",June 12 2026,10:00 PM,4:00 PM,Ignatius House Retreat Center,Center for Student Engagement,N/A,https://gatech.campuslabs.com/engage/event/12321899,N/A,TRUE,April 19 2026
300174,Silent Retreat,"The Silent Retreat Program is a weekend experience designed to support the well-being of undergraduate and graduate students. Held from Friday evening through Sunday afternoon at the Ignatius House Retreat Center in Sandy Springs, the retreat offers students a chance to step away from the stress of school and daily responsibilities in a quiet and peaceful environment overlooking the Chattahoochee River. The program is offered as a recurring series event each year during the spring, summer, and fall semesters. &nbsp; During the retreat, participants will spend time in silence, reflection, and rest. Students will have space to relax, reflect, journal, and enjoy nature without the distractions of technology or busy schedules. &nbsp; The goal of the retreat is to help students recharge, reduce stress, and focus on their mental and emotional well-being. By creating a calm and supportive environment, the program encourages students to slow down, reflect, and return feeling refreshed and renewed. &nbsp; For questions or additional information, please contact Dr. John D. Cressler&nbsp;at cressler@ece.gatech.edu &nbsp;or (404) 894-5161. &nbsp; To RSVP, please contact Dr. John D. Cressler directly.",June 19 2026,10:00 PM,4:00 PM,Ignatius House Retreat Center,Center for Student Engagement,N/A,https://gatech.campuslabs.com/engage/event/12321900,N/A,TRUE,April 19 2026
300175,Bioengineering Bowling Social,Join BGA for a night of bowling! Network and socialize with your peers!,June 24 2026,9:00 PM,11:00 PM,Tech Rec,Bioengineering Graduate Association,N/A,https://gatech.campuslabs.com/engage/event/12343708,N/A,TRUE,April 19 2026
300176,Silent Retreat,"The Silent Retreat Program is a weekend experience designed to support the well-being of undergraduate and graduate students. Held from Friday evening through Sunday afternoon at the Ignatius House Retreat Center in Sandy Springs, the retreat offers students a chance to step away from the stress of school and daily responsibilities in a quiet and peaceful environment overlooking the Chattahoochee River. The program is offered as a recurring series event each year during the spring, summer, and fall semesters. &nbsp; During the retreat, participants will spend time in silence, reflection, and rest. Students will have space to relax, reflect, journal, and enjoy nature without the distractions of technology or busy schedules. &nbsp; The goal of the retreat is to help students recharge, reduce stress, and focus on their mental and emotional well-being. By creating a calm and supportive environment, the program encourages students to slow down, reflect, and return feeling refreshed and renewed. &nbsp; For questions or additional information, please contact Dr. John D. Cressler&nbsp;at cressler@ece.gatech.edu &nbsp;or (404) 894-5161. &nbsp; To RSVP, please contact Dr. John D. Cressler directly.",June 26 2026,10:00 PM,4:00 PM,Ignatius House Retreat Center,Center for Student Engagement,N/A,https://gatech.campuslabs.com/engage/event/12321901,N/A,TRUE,April 19 2026
300177,Movie Night,"Join us for a Movie Night designed for iGniTe participants to relax, unwind, and spend time together outside of the classroom. This casual evening will provide a comfortable space for students to connect with their peers while enjoying a popular film, snacks, and a fun atmosphere. Whether you&rsquo;re looking to take a break from a busy schedule or simply enjoy a night of entertainment with friends, this event offers a great opportunity to build community and make lasting memories with fellow iGniTe students.",June 27 2026,11:00 PM,12:00 AM,Upper GT Connector,National Society of Black Engineers at Georgia Tech,N/A,https://gatech.campuslabs.com/engage/event/12345022,N/A,TRUE,April 19 2026
300178,Silent Retreat,"The Silent Retreat Program is a weekend experience designed to support the well-being of undergraduate and graduate students. Held from Friday evening through Sunday afternoon at the Ignatius House Retreat Center in Sandy Springs, the retreat offers students a chance to step away from the stress of school and daily responsibilities in a quiet and peaceful environment overlooking the Chattahoochee River. The program is offered as a recurring series event each year during the spring, summer, and fall semesters. &nbsp; During the retreat, participants will spend time in silence, reflection, and rest. Students will have space to relax, reflect, journal, and enjoy nature without the distractions of technology or busy schedules. &nbsp; The goal of the retreat is to help students recharge, reduce stress, and focus on their mental and emotional well-being. By creating a calm and supportive environment, the program encourages students to slow down, reflect, and return feeling refreshed and renewed. &nbsp; For questions or additional information, please contact Dr. John D. Cressler&nbsp;at cressler@ece.gatech.edu &nbsp;or (404) 894-5161. To RSVP, please contact Dr. John D. Cressler directly.",July 3 2026,10:00 PM,4:00 PM,Ignatius House Retreat Center,Center for Student Engagement,N/A,https://gatech.campuslabs.com/engage/event/12321902,N/A,TRUE,April 19 2026
300179,4th of July Kookout,"Join us for a festive 4th of July Cookout hosted by the brothers of our chapter in celebration of Independence Day and the iGniTe community. This event offers participants a chance to relax, enjoy great food, and connect with fellow students in a welcoming and energetic environment. Come out for classic cookout favorites, music, and games as we celebrate together and continue building community. Whether you&rsquo;re looking to meet new people or just enjoy the holiday, this cookout is the perfect way to spend your 4th of July with iGniTe.",July 4 2026,4:00 PM,7:00 PM,GT Connector Courtyard,Kappa Alpha Psi,N/A,https://gatech.campuslabs.com/engage/event/12349370,N/A,TRUE,April 19 2026
300180, LD x LDR Smore’s Night,"Join us for a relaxed evening of food, fire, and community at our S&rsquo;mores Night, hosted especially for iGniTe program participants. This event is designed to give students a chance to unwind, connect with their peers, and build lasting friendships in a fun and welcoming environment. Whether you're meeting new friends or strengthening existing connections, this casual social is a great opportunity to take a break, enjoy great food, and continue building the iGniTe community.",July 4 2026,11:00 PM,12:00 AM,Glenn & Towers Courtyard,National Society of Black Engineers at Georgia Tech,N/A,https://gatech.campuslabs.com/engage/event/12345017,N/A,TRUE,April 19 2026
300181,Silent Retreat,"The Silent Retreat Program is a weekend experience designed to support the well-being of undergraduate and graduate students. Held from Friday evening through Sunday afternoon at the Ignatius House Retreat Center in Sandy Springs, the retreat offers students a chance to step away from the stress of school and daily responsibilities in a quiet and peaceful environment overlooking the Chattahoochee River. The program is offered as a recurring series event each year during the spring, summer, and fall semesters. &nbsp; During the retreat, participants will spend time in silence, reflection, and rest. Students will have space to relax, reflect, journal, and enjoy nature without the distractions of technology or busy schedules. &nbsp; The goal of the retreat is to help students recharge, reduce stress, and focus on their mental and emotional well-being. By creating a calm and supportive environment, the program encourages students to slow down, reflect, and return feeling refreshed and renewed. &nbsp; For questions or additional information, please contact Dr. John D. Cressler&nbsp;at cressler@ece.gatech.edu &nbsp;or (404) 894-5161. To RSVP, please contact Dr. John D. Cressler directly.",July 10 2026,10:00 PM,4:00 PM,Ignatius House Retreat Center,Center for Student Engagement,N/A,https://gatech.campuslabs.com/engage/event/12321903,N/A,TRUE,April 19 2026
300182,Resume Workshop,"Join us for a Resume Review Workshop designed to help students strengthen their resumes and prepare for internship and job opportunities. During this session, participants will receive guidance on how to effectively highlight their experiences, skills, and accomplishments in a professional format. Students will have the opportunity to receive feedback, ask questions, and learn tips for tailoring their resumes to different industries and opportunities. Whether you are creating your first resume or looking to refine an existing one, this workshop will provide valuable insights to help you present your experiences with confidence.",July 11 2026,7:00 PM,8:00 PM,Student Center - Rafael Bras,National Society of Black Engineers at Georgia Tech,N/A,https://gatech.campuslabs.com/engage/event/12345012,N/A,TRUE,April 19 2026
300183,Summer Town Hall,"We are the Aerospace Engineering Graduate Student Association (AE GSA), and we host monthly town halls with free food open to everyone! These events typically start with ~5-15 minutes of updates and are then followed with guided discussions and socializing. We aim to create an environment for all students across all labs, and we serve as a resource students can use to discuss topics relevant to the AE school and student experiences. We work closely with AE faculty to incorporate student feedback into the AE school. Previous discussion topics have included GTA/GRA stipends, PhD Qualifier Exams, navigating a career path as an international student, and more. Stay tuned for our future events!",July 15 2026,4:00 PM,5:00 PM,MK317,Aerospace Engineering Graduate Student Association,N/A,https://gatech.campuslabs.com/engage/event/12313983,N/A,TRUE,April 19 2026
300184,Summer Student Organization Fair,"Each semester, the Center for Student Engagement hosts the&nbsp; Student Organizations Fair &nbsp;which provides new and returning Yellow Jackets an opportunity to connect with a&nbsp; select &nbsp;group of Tech's 550+ Registered Student Organizations. This is a great opportunity to meet organization leaders and kick-start your involvement at Georgia Tech!&nbsp;Join us at the fair to explore various student orgs tabling style, and for FREE SWAG AND POPSICLES! &nbsp; Frequently Asked Questions 1.&nbsp; How do I register my organization to table at the fair?&nbsp;Registration form coming soon... 2. &nbsp;Where is the org fair taking place? The org fair will be located on the Second Floor of the John Lewis Student Center ( see map here) .",July 16 2026,10:00 PM,12:00 AM,"John Lewis Student Center, 2nd Floor",Registered Student Organizations,N/A,https://gatech.campuslabs.com/engage/event/12432935,N/A,TRUE,April 19 2026
300185,Basketball and Pickleball Tournament,"Join us for a Coed Basketball &amp; Pickleball Tournament, where iGniTe participants can compete, have fun, and build community through friendly competition. Students will have the opportunity to form teams and participate in both basketball and pickleball games in a welcoming and energetic environment. Whether you&rsquo;re playing to win or just looking to stay active and meet new people, this event offers a great chance to connect with fellow participants while enjoying some exciting games. Come out, bring your competitive spirit, and cheer on your peers as we celebrate teamwork, sportsmanship, and community.&nbsp;",July 18 2026,10:00 PM,11:00 PM,Peter's Parking Deck,National Society of Black Engineers at Georgia Tech,N/A,https://gatech.campuslabs.com/engage/event/12345001,N/A,TRUE,April 19 2026
300186,Talent Show,"Join us for an exciting Talent Show where iGniTe participants can showcase their unique skills, creativity, and talents in a fun and supportive environment. Whether it&rsquo;s singing, dancing, spoken word, comedy, or any other special talent, this event is a chance for students to express themselves and celebrate the diverse abilities within the iGniTe community. Come perform or cheer on your peers as we enjoy an evening filled with entertainment, energy, and community spirit.",July 25 2026,10:00 PM,11:00 PM,Student Center - Atlantic/Ehmer Theater ,National Society of Black Engineers at Georgia Tech,N/A,https://gatech.campuslabs.com/engage/event/12345020,N/A,TRUE,April 19 2026
300187,SEA @ Georgia Tech Space Analog Mission 2026,"Experience the SEA @ GT Space Analog Mission 2026 live as our team of 6 astronauts and over 40 Mission Control Center personnel conduct a simulated space mission to Mars in real time! Attendees will be able to watch the livestream of the astronaut crew and Mission Control Center operations, observe how decisions are made during mission-critical scenarios, and follow the progress of the simulation as it unfolds. We will also have a Q&amp;A session throughout the mission where attendees can ask questions to both the astronauts and MCC members. This event offers a unique behind-the-scenes look at mission operations, communication protocol, and coordination needed to execute a complex space analog mission. This event is free for all Georgia Tech students. Students from all majors and backgrounds are encouraged to attend.",August 8 2026,4:00 PM,4:00 PM,Online,Southeast Analog at Georgia Tech,N/A,https://gatech.campuslabs.com/engage/event/12377698,N/A,TRUE,April 19 2026
300188,Free Lunch Friday,Tech Wesley will host a free lunch in our building as well as a weekly game such as trivia. All are welcome!,August 28 2026,3:45 PM,5:00 PM,Tech Wesley,The Wesley Foundation at Georgia Tech,N/A,https://gatech.campuslabs.com/engage/event/11869738,N/A,TRUE,April 19 2026
300189,Fall Student Organizations Fair (Day 1),"Each semester, the Center for Student Engagement hosts the Student Organizations Fair which provides new and returning Yellow Jackets an opportunity to connect with a select group of our 550+ Registered Student Organizations . Each day of the 2-day event will feature different categories of RSOs. &nbsp;This is a great opportunity to meet organization leaders and kick-start your involvement at Georgia Tech!&nbsp; &nbsp; Which categories of RSOs will be at Day 1 of the Fall Org Fair? Check back for a full list! &nbsp; Frequently Asked Questions 1.&nbsp; How do I register my organization to table at the fair?&nbsp;Registration form coming soon... 2.&nbsp; What if there is bad weather during the fair?&nbsp;The rain dates for this event are September 15th &amp; September 16th (same location and details)!",September 1 2026,3:00 PM,5:00 PM,Tech Green and Surrounding Walkways,Registered Student Organizations,N/A,https://gatech.campuslabs.com/engage/event/12426248,N/A,TRUE,April 19 2026
300190,Fall Student Organizations Fair (Day 2),"Each semester, the Center for Student Engagement hosts the Student Organizations Fair which provides new and returning Yellow Jackets an opportunity to connect with a select group of our 550+ Registered Student Organizations . Each day of the 2-day event will feature different categories of RSOs. &nbsp;This is a great opportunity to meet organization leaders and kick-start your involvement at Georgia Tech!&nbsp; &nbsp; Which categories of RSOs will be at Day 2 of the Fall Org Fair? Check back for a full list! &nbsp; Frequently Asked Questions 1.&nbsp; How do I register my organization to table at the fair?&nbsp;Registration form coming soon... 2.&nbsp; What if there is bad weather during the fair?&nbsp;The rain dates for this event are September 15th &amp; September 16th (same location and details)!",September 2 2026,3:00 PM,5:00 PM,Tech Green and Surrounding Walkways,Registered Student Organizations,N/A,https://gatech.campuslabs.com/engage/event/12426249,N/A,TRUE,April 19 2026
300191,Free Lunch Friday,Tech Wesley will host a free lunch in our building as well as a weekly game such as trivia. All are welcome!,September 4 2026,3:45 PM,4:45 PM,Tech Wesley,The Wesley Foundation at Georgia Tech,N/A,https://gatech.campuslabs.com/engage/event/11869739,N/A,TRUE,April 19 2026
300192,New Organization Charter Training #1,"Are you interested in bringing a new&nbsp; s tudent&nbsp; o rganization to campus? Attending a Charter Training is&nbsp;mandatory&nbsp;for all new organizations and serves as the first formal step in the charter process; organizations cannot move forward with chartering until this step is complete.&nbsp; This Fall, the Center for Student Engagement will be offering 3&nbsp; Charter &nbsp;training sessions for students to learn and understand the requirements and procedures &nbsp;of the &nbsp;chartering process. &nbsp;You are only required to attend ONE session. Choose the one that works best for your schedule. This training covers important information regarding the chartering process, how to write a constitution, organization best practices, and Institute policies.&nbsp; Organizations that fail to attend the mandatory training forfeit their ability to complete the chartering process in that semester.&nbsp; Learn more here .&nbsp; . . . . *Please note: Once RSVPs are filled, there will be standing room available only*",September 8 2026,9:00 PM,10:00 PM,"Southern Co. Multicultural Programs Lounge (3rd Floor, Student Center)",Registered Student Organizations,N/A,https://gatech.campuslabs.com/engage/event/12432597,N/A,TRUE,April 19 2026
300193,Free Lunch Friday,Tech Wesley will host a free lunch in our building as well as a weekly game such as trivia. All are welcome!,September 11 2026,3:45 PM,4:45 PM,Tech Wesley,The Wesley Foundation at Georgia Tech,N/A,https://gatech.campuslabs.com/engage/event/11869740,N/A,TRUE,April 19 2026
300194,General Interest Meeting 1,"Kicking off the new year by welcoming new members, introducing the club, and sharing upcoming plans for the semester. &nbsp;",September 15 2026,9:30 PM,10:30 PM,TBD,Swifties at GT,N/A,https://gatech.campuslabs.com/engage/event/11765998,N/A,TRUE,April 19 2026
300195,General Interest Meeting 2,"A second welcome session for new members who couldn&rsquo;t attend the first, featuring introductions and club highlights.",September 16 2026,11:00 PM,12:00 AM,TBD,Swifties at GT,N/A,https://gatech.campuslabs.com/engage/event/11765996,N/A,TRUE,April 19 2026
300196,Free Lunch Friday,Tech Wesley will host a free lunch in our building as well as a weekly game such as trivia. All are welcome!,September 18 2026,3:45 PM,4:45 PM,Tech Wesley,The Wesley Foundation at Georgia Tech,N/A,https://gatech.campuslabs.com/engage/event/11869741,N/A,TRUE,April 19 2026
300197,New Organization Charter Training #2,"Are you interested in bringing a new&nbsp; s tudent&nbsp; o rganization to campus? Attending a Charter Training is&nbsp;mandatory&nbsp;for all new organizations and serves as the first formal step in the charter process; organizations cannot move forward with chartering until this step is complete.&nbsp; This Fall, the Center for Student Engagement will be offering 3&nbsp; Charter &nbsp;training sessions for students to learn and understand the requirements and procedures &nbsp;of the &nbsp;chartering process. &nbsp;You are only required to attend ONE session. Choose the one that works best for your schedule. This training covers important information regarding the chartering process, how to write a constitution, organization best practices, and Institute policies.&nbsp; Organizations that fail to attend the mandatory training forfeit their ability to complete the chartering process in that semester.&nbsp; Learn more here .&nbsp; . . . . *Please note: Once RSVPs are filled, there will be standing room available only*",September 23 2026,9:00 PM,10:00 PM,"Southern Co. Multicultural Programs Lounge (3rd Floor, Student Center)",Registered Student Organizations,N/A,https://gatech.campuslabs.com/engage/event/12432598,N/A,TRUE,April 19 2026
300198,Free Lunch Friday,Tech Wesley will host a free lunch in our building as well as a weekly game such as trivia. All are welcome!,September 25 2026,3:45 PM,4:45 PM,Tech Wesley,The Wesley Foundation at Georgia Tech,N/A,https://gatech.campuslabs.com/engage/event/11869742,N/A,TRUE,April 19 2026
300199,TS Trivia Night,1st Fall Semester Event Test your Taylor Swift knowledge in a fun trivia competition with prizes and snacks. &nbsp;,October 1 2026,10:30 PM,11:30 PM,TBD,Swifties at GT,N/A,https://gatech.campuslabs.com/engage/event/11765993,N/A,TRUE,April 19 2026
300200,Free Lunch Friday,Tech Wesley will host a free lunch in our building as well as a weekly game such as trivia. All are welcome!,October 2 2026,3:45 PM,4:45 PM,Tech Wesley,The Wesley Foundation at Georgia Tech,N/A,https://gatech.campuslabs.com/engage/event/11869743,N/A,TRUE,April 19 2026
300201,New Organization Charter Training #3,"Are you interested in bringing a new&nbsp; s tudent&nbsp; o rganization to campus? Attending a Charter Training is&nbsp;mandatory&nbsp;for all new organizations and serves as the first formal step in the charter process; organizations cannot move forward with chartering until this step is complete.&nbsp; This Fall, the Center for Student Engagement will be offering 3&nbsp; Charter &nbsp;training sessions for students to learn and understand the requirements and procedures &nbsp;of the &nbsp;chartering process. &nbsp;You are only required to attend ONE session. Choose the one that works best for your schedule. This training covers important information regarding the chartering process, how to write a constitution, organization best practices, and Institute policies.&nbsp; Organizations that fail to attend the mandatory training forfeit their ability to complete the chartering process in that semester.&nbsp; Learn more here .&nbsp; . . . . *Please note: Once RSVPs are filled, there will be standing room available only*",October 8 2026,9:00 PM,10:00 PM,"Southern Co. Multicultural Programs Lounge (3rd Floor, Student Center)",Registered Student Organizations,N/A,https://gatech.campuslabs.com/engage/event/12432599,N/A,TRUE,April 19 2026
300202,Free Lunch Friday,Tech Wesley will host a free lunch in our building as well as a weekly game such as trivia. All are welcome!,October 9 2026,3:45 PM,4:45 PM,Tech Wesley,The Wesley Foundation at Georgia Tech,N/A,https://gatech.campuslabs.com/engage/event/11869744,N/A,TRUE,April 19 2026
300203,Bracelet Making,2nd Event of Fall Semester&nbsp; Create friendship bracelets while bonding over your favorite eras and songs.,October 13 2026,10:30 PM,11:30 PM,TBD,Swifties at GT,N/A,https://gatech.campuslabs.com/engage/event/11765988,N/A,TRUE,April 19 2026
300204,Free Lunch Friday,Tech Wesley will host a free lunch in our building as well as a weekly game such as trivia. All are welcome!,October 16 2026,3:45 PM,4:45 PM,Tech Wesley,The Wesley Foundation at Georgia Tech,N/A,https://gatech.campuslabs.com/engage/event/11869745,N/A,TRUE,April 19 2026
300205,Free Lunch Friday,Tech Wesley will host a free lunch in our building as well as a weekly game such as trivia. All are welcome!,October 23 2026,3:45 PM,4:45 PM,Tech Wesley,The Wesley Foundation at Georgia Tech,N/A,https://gatech.campuslabs.com/engage/event/11869746,N/A,TRUE,April 19 2026
300206,Free Lunch Friday,Tech Wesley will host a free lunch in our building as well as a weekly game such as trivia. All are welcome!,October 30 2026,3:45 PM,4:45 PM,Tech Wesley,The Wesley Foundation at Georgia Tech,N/A,https://gatech.campuslabs.com/engage/event/11869747,N/A,TRUE,April 19 2026
300207,Experiential Learning Showcase,"Join us for our third annual Experiential Learning Showcase. At this event, you'll be able to talk with multiple departments and student organizations that can boost your experiential learning journey.&nbsp; Experiential learning is the act of learning by doing. We know how impactful what you're learning in the classroom can be, but it takes more than succeeding in the classroom to land that first job. By attending this event, you'll be able to define experiential learning, and put together a plan for further involvement at Tech. Enhance your experience as a yellow jacket by learning about undergraduate research, innovation and entrepreneurship, study abroad and a ton more!",October 30 2026,5:00 PM,7:00 PM,Exhibition Hall - Midtown Ballroom,Experiential and Engaged Learning,N/A,https://gatech.campuslabs.com/engage/event/12307884,N/A,TRUE,April 19 2026
300208,International Women and Girls in Science Day,Join SWE to celebrate Internation Women and Girls in Science day by volunteering to lead four STEM-themed challenges with (6th - 8th grade)!,November 2 2026,10:00 PM,1:30 AM,"Marcus Nanotechnology, 1116 - 1118",Society of Women Engineers,N/A,https://gatech.campuslabs.com/engage/event/12207936,N/A,TRUE,April 19 2026
300209,Free Lunch Friday,Tech Wesley will host a free lunch in our building as well as a weekly game such as trivia. All are welcome!,November 6 2026,4:45 PM,5:45 PM,Tech Wesley,The Wesley Foundation at Georgia Tech,N/A,https://gatech.campuslabs.com/engage/event/11869748,N/A,TRUE,April 19 2026
300210,EoS Kareoke Party,End of Fall Semester Event&nbsp; Celebrate the semester&rsquo;s end with a lively karaoke night featuring Taylor&rsquo;s greatest hits.,November 12 2026,11:30 PM,3:00 AM,TBD,Swifties at GT,N/A,https://gatech.campuslabs.com/engage/event/11765984,N/A,TRUE,April 19 2026
300211,Free Lunch Friday,Tech Wesley will host a free lunch in our building as well as a weekly game such as trivia. All are welcome!,November 13 2026,4:45 PM,5:45 PM,Tech Wesley,The Wesley Foundation at Georgia Tech,N/A,https://gatech.campuslabs.com/engage/event/11869749,N/A,TRUE,April 19 2026
300212,Free Lunch Friday,Tech Wesley will host a free lunch in our building as well as a weekly game such as trivia. All are welcome!,November 20 2026,4:45 PM,5:45 PM,Tech Wesley,The Wesley Foundation at Georgia Tech,N/A,https://gatech.campuslabs.com/engage/event/11869750,N/A,TRUE,April 19 2026
300213,Free Lunch Friday,Tech Wesley will host a free lunch in our building as well as a weekly game such as trivia. All are welcome!,December 4 2026,4:45 PM,5:45 PM,Tech Wesley,The Wesley Foundation at Georgia Tech,N/A,https://gatech.campuslabs.com/engage/event/11869751,N/A,TRUE,April 19 2026
300214,Listening Party,"1st Event of Spring Semester Gather to enjoy and discuss a Taylor Swift album together in a cozy, music-filled setting.",February 4 2027,11:30 PM,12:30 AM,TBD,Swifties at GT,N/A,https://gatech.campuslabs.com/engage/event/11765980,N/A,TRUE,April 19 2026
300215,Song Ranking,"2nd Event of Spring Semester Debate, discuss, and rank your favorite Taylor Swift tracks with fellow fans.",March 2 2027,11:30 PM,12:30 AM,TBD,Swifties at GT,N/A,https://gatech.campuslabs.com/engage/event/11765978,N/A,TRUE,April 19 2026
300216,EoS Watch Party,"End of Spring Semester event. Wrap up the year with a fun group viewing of concert clips, music videos, or one of the tour documentaries.&nbsp;",April 9 2027,10:30 PM,2:00 AM,TBD,Swifties at GT,N/A,https://gatech.campuslabs.com/engage/event/11765976,N/A,TRUE,April 19 2026
